--
-- PostgreSQL database dump
--

SET statement_timeout = 0;
SET lock_timeout = 0;
SET client_encoding = 'UTF8';
SET standard_conforming_strings = on;
SET check_function_bodies = false;
SET client_min_messages = warning;

--
-- Name: plpgsql; Type: EXTENSION; Schema: -; Owner: 
--

CREATE EXTENSION IF NOT EXISTS plpgsql WITH SCHEMA pg_catalog;


--
-- Name: EXTENSION plpgsql; Type: COMMENT; Schema: -; Owner: 
--

COMMENT ON EXTENSION plpgsql IS 'PL/pgSQL procedural language';


SET search_path = public, pg_catalog;

SET default_tablespace = '';

SET default_with_oids = false;

--
-- Name: episode_tags; Type: TABLE; Schema: public; Owner: danielfinlay; Tablespace: 
--

CREATE TABLE episode_tags (
    id integer NOT NULL,
    tag_id integer,
    episode_id integer
);


ALTER TABLE episode_tags OWNER TO danielfinlay;

--
-- Name: episode_tags_id_seq; Type: SEQUENCE; Schema: public; Owner: danielfinlay
--

CREATE SEQUENCE episode_tags_id_seq
    START WITH 1
    INCREMENT BY 1
    NO MINVALUE
    NO MAXVALUE
    CACHE 1;


ALTER TABLE episode_tags_id_seq OWNER TO danielfinlay;

--
-- Name: episode_tags_id_seq; Type: SEQUENCE OWNED BY; Schema: public; Owner: danielfinlay
--

ALTER SEQUENCE episode_tags_id_seq OWNED BY episode_tags.id;


--
-- Name: episodes; Type: TABLE; Schema: public; Owner: danielfinlay; Tablespace: 
--

CREATE TABLE episodes (
    id integer NOT NULL,
    num character varying(8),
    title character varying(60),
    url character varying(255),
    airdate date,
    prodno character varying(16),
    stardate character varying(8)
);


ALTER TABLE episodes OWNER TO danielfinlay;

--
-- Name: episodes_id_seq; Type: SEQUENCE; Schema: public; Owner: danielfinlay
--

CREATE SEQUENCE episodes_id_seq
    START WITH 1
    INCREMENT BY 1
    NO MINVALUE
    NO MAXVALUE
    CACHE 1;


ALTER TABLE episodes_id_seq OWNER TO danielfinlay;

--
-- Name: episodes_id_seq; Type: SEQUENCE OWNED BY; Schema: public; Owner: danielfinlay
--

ALTER SEQUENCE episodes_id_seq OWNED BY episodes.id;


--
-- Name: tags; Type: TABLE; Schema: public; Owner: danielfinlay; Tablespace: 
--

CREATE TABLE tags (
    id integer NOT NULL,
    title character varying(60),
    url character varying(255)
);


ALTER TABLE tags OWNER TO danielfinlay;

--
-- Name: tags_id_seq; Type: SEQUENCE; Schema: public; Owner: danielfinlay
--

CREATE SEQUENCE tags_id_seq
    START WITH 1
    INCREMENT BY 1
    NO MINVALUE
    NO MAXVALUE
    CACHE 1;


ALTER TABLE tags_id_seq OWNER TO danielfinlay;

--
-- Name: tags_id_seq; Type: SEQUENCE OWNED BY; Schema: public; Owner: danielfinlay
--

ALTER SEQUENCE tags_id_seq OWNED BY tags.id;


--
-- Name: id; Type: DEFAULT; Schema: public; Owner: danielfinlay
--

ALTER TABLE ONLY episode_tags ALTER COLUMN id SET DEFAULT nextval('episode_tags_id_seq'::regclass);


--
-- Name: id; Type: DEFAULT; Schema: public; Owner: danielfinlay
--

ALTER TABLE ONLY episodes ALTER COLUMN id SET DEFAULT nextval('episodes_id_seq'::regclass);


--
-- Name: id; Type: DEFAULT; Schema: public; Owner: danielfinlay
--

ALTER TABLE ONLY tags ALTER COLUMN id SET DEFAULT nextval('tags_id_seq'::regclass);


--
-- Data for Name: episode_tags; Type: TABLE DATA; Schema: public; Owner: danielfinlay
--

COPY episode_tags (id, tag_id, episode_id) FROM stdin;
3	3	1
2	2	1
7	8	1
8	7	1
9	9	1
10	10	1
11	11	1
12	12	1
15	15	1
16	16	1
19	19	1
22	22	1
23	23	1
24	24	1
26	26	1
28	28	1
29	29	1
31	31	1
33	33	1
36	36	1
37	37	1
38	38	1
39	39	1
40	40	1
41	41	1
44	44	1
47	47	1
48	48	1
49	49	1
50	50	1
51	51	1
52	52	1
54	54	1
57	57	1
58	58	1
60	60	1
62	62	1
64	64	1
65	65	1
66	66	1
67	67	1
68	68	1
72	72	1
73	73	1
74	74	1
75	75	1
77	77	1
78	78	1
79	79	1
81	81	1
82	82	1
83	83	1
85	85	1
86	86	1
87	87	1
88	88	1
89	89	1
90	90	1
91	91	1
92	92	1
93	93	1
94	94	1
95	95	1
96	96	1
97	97	1
98	98	1
100	100	1
102	102	1
103	103	1
105	105	1
106	106	1
107	107	1
108	108	1
109	109	1
110	110	1
112	112	1
113	113	1
114	114	1
116	116	1
117	117	1
119	119	1
120	120	1
123	123	1
124	124	1
125	125	1
126	126	1
127	127	1
129	129	1
132	132	1
134	134	1
137	137	1
139	139	1
140	140	1
141	141	1
142	142	1
143	143	1
144	144	1
145	145	1
146	146	1
147	147	1
149	149	1
153	153	1
154	154	1
155	155	1
157	157	1
158	158	1
159	159	1
160	160	1
161	161	1
162	162	1
163	163	1
166	166	1
167	167	1
169	169	1
170	170	1
171	171	1
173	173	1
174	174	1
176	176	1
178	178	1
179	179	1
182	182	1
183	183	1
196	196	1
206	206	1
226	226	1
236	236	1
263	85	2
293	279	2
303	287	2
340	103	3
360	154	3
370	176	3
380	220	3
391	343	4
401	47	4
421	368	4
441	330	4
461	230	4
475	400	5
487	98	5
497	413	5
507	416	5
517	424	5
527	245	6
547	445	6
557	88	6
567	120	6
577	149	6
587	466	6
597	475	6
607	224	6
619	346	7
629	73	7
639	413	7
649	171	7
659	203	7
669	236	7
686	445	8
695	365	8
705	134	8
715	161	8
725	193	8
735	421	8
757	29	9
767	550	9
777	554	9
787	560	9
797	525	9
807	171	9
817	578	9
827	236	9
845	445	10
855	596	10
865	144	10
875	190	10
885	610	10
907	624	11
917	29	11
967	662	11
1025	29	12
1033	592	12
1043	715	12
1053	719	12
1063	726	12
1073	389	12
1091	744	13
1131	171	13
1141	682	13
1151	235	13
1167	784	14
1177	792	14
1187	363	14
1207	525	14
1217	814	14
1237	231	14
1254	29	15
1264	64	15
1274	260	15
1284	139	15
1314	389	15
1346	893	16
1356	899	16
1376	377	16
1386	920	16
1396	183	16
1416	936	16
1437	951	17
1447	445	17
1467	268	17
1487	820	17
1539	65	18
1549	97	18
1579	171	18
1589	196	18
1599	1039	18
1614	1046	19
1631	260	19
1641	1061	19
1651	137	19
1671	183	19
1691	239	19
1725	1100	20
1735	171	20
1745	196	20
1755	236	20
1778	1121	21
1788	1126	21
1818	182	21
1828	225	21
1841	29	22
1851	1146	22
1861	107	22
1871	134	22
1881	149	22
1901	231	22
1913	508	23
1943	554	23
1953	1196	23
1963	143	23
1973	1203	23
1983	603	23
1993	609	23
2003	236	23
2017	1042	24
207	207	1
217	217	1
227	227	1
237	237	1
271	262	2
281	154	2
291	278	2
301	203	2
311	231	2
316	296	3
346	319	3
356	146	3
366	171	3
376	203	3
386	236	3
395	350	4
407	358	4
417	364	4
427	372	4
437	149	4
447	196	4
457	389	4
503	330	5
513	422	5
523	428	5
544	251	6
554	451	6
574	376	6
584	464	6
604	478	6
615	482	7
625	64	7
645	161	7
655	501	7
665	224	7
700	371	8
710	526	8
720	502	8
730	208	8
740	231	8
758	548	9
768	64	9
808	330	9
818	220	9
840	36	10
850	594	10
860	598	10
870	171	10
890	231	10
899	621	11
919	634	11
929	353	11
939	552	11
949	651	11
979	671	11
989	171	11
1018	698	12
1028	352	12
1038	711	12
1048	149	12
1068	730	12
1088	742	13
1098	64	13
1108	106	13
1118	144	13
1128	166	13
1138	183	13
1148	224	13
1178	400	14
1188	94	14
1198	802	14
1218	815	14
1228	383	14
1238	236	14
1248	837	15
1268	452	15
1278	263	15
1288	376	15
1298	573	15
1308	868	15
1318	236	15
1338	887	16
1368	144	16
1408	220	16
1418	938	16
1431	879	17
1442	954	17
1452	91	17
1482	980	17
1512	236	17
1517	1002	18
1557	371	18
1577	328	18
1587	176	18
1597	217	18
1616	889	19
1623	553	19
1633	1055	19
1643	1062	19
1663	174	19
1673	1076	19
1683	224	19
1703	445	20
1713	97	20
1723	1099	20
1733	161	20
1760	735	21
1790	857	21
1800	142	21
1810	154	21
1820	1137	21
1830	231	21
1854	1148	22
1864	114	22
1884	1166	22
1894	1172	22
1904	235	22
1920	24	23
1940	1192	23
1950	1126	23
1970	814	23
1980	285	23
2016	882	24
2023	1114	24
186	186	1
208	208	1
228	228	1
238	238	1
250	29	2
260	75	2
269	260	2
279	269	2
289	277	2
299	191	2
309	224	2
324	303	3
342	106	3
352	127	3
362	326	3
372	191	3
382	224	3
429	124	4
439	154	4
449	383	4
477	402	5
485	90	5
495	137	5
505	182	5
515	224	5
525	430	5
531	434	6
543	49	6
553	64	6
573	139	6
583	161	6
603	203	6
613	429	6
616	16	7
626	486	7
636	493	7
646	166	7
656	502	7
666	389	7
674	26	8
684	355	8
694	408	8
724	192	8
734	534	8
744	238	8
761	305	9
771	86	9
811	278	9
821	580	9
835	26	10
847	403	10
857	114	10
867	154	10
877	603	10
903	620	11
911	628	11
931	51	11
941	94	11
951	454	11
971	666	11
991	678	11
1001	687	11
1011	231	11
1021	10	12
1031	707	12
1060	182	12
1070	220	12
1087	739	13
1094	40	13
1104	751	13
1114	134	13
1134	767	13
1154	771	13
1163	778	14
1184	403	14
1224	819	14
1234	224	14
1282	134	15
1292	154	15
1302	865	15
1312	220	15
1330	879	16
1347	64	16
1367	906	16
1377	912	16
1387	330	16
1407	217	16
1430	441	17
1441	514	17
1451	66	17
1461	127	17
1491	192	17
1501	220	17
1511	235	17
1556	409	18
1576	154	18
1596	288	18
1612	1042	19
1625	751	19
1635	371	19
1665	1073	19
1675	196	19
1685	226	19
1694	12	20
1704	60	20
1714	98	20
1724	134	20
1734	916	20
1744	194	20
1754	235	20
1767	1114	21
1775	445	21
1785	751	21
1795	134	21
1825	217	21
1835	239	21
1844	954	22
1865	409	22
1885	171	22
1905	236	22
1927	36	23
1937	64	23
1947	650	23
1957	134	23
1967	149	23
1977	1167	23
2025	745	24
2035	445	24
189	189	1
199	199	1
209	209	1
219	219	1
229	229	1
239	239	1
248	16	2
258	253	2
268	259	2
278	268	2
317	297	3
327	305	3
337	98	3
347	116	3
357	268	3
367	330	3
387	339	3
400	352	4
410	66	4
420	367	4
430	373	4
440	157	4
460	229	4
479	403	5
489	260	5
499	154	5
509	418	5
519	425	5
569	127	6
589	468	6
599	189	6
609	235	6
621	352	7
633	491	7
643	377	7
663	506	7
683	251	8
693	91	8
713	154	8
723	182	8
733	287	8
743	236	8
755	544	9
763	251	9
773	92	9
793	565	9
803	169	9
823	390	9
831	585	10
851	490	10
861	599	10
871	465	10
925	39	11
935	403	11
945	647	11
955	317	11
975	669	11
985	154	11
995	475	11
1015	340	11
1032	445	12
1042	134	12
1052	154	12
1062	725	12
1072	224	12
1079	735	13
1109	260	13
1139	768	13
1149	389	13
1196	800	14
1216	154	14
1250	7	15
1261	445	15
1271	851	15
1291	149	15
1301	182	15
1311	219	15
1340	889	16
1379	154	16
1389	275	16
1409	224	16
1419	240	16
1425	702	17
1445	549	17
1455	961	17
1465	139	17
1475	974	17
1485	983	17
1495	209	17
1505	231	17
1515	240	17
1520	776	18
1530	49	18
1540	66	18
1550	1019	18
1570	143	18
1580	1032	18
1590	532	18
1600	231	18
1607	1044	19
1617	1011	19
1627	1051	19
1637	119	19
1647	1026	19
1667	466	19
1687	996	19
1700	29	20
1708	1089	20
1718	1095	20
1728	268	20
1748	509	20
1758	939	20
1761	1042	21
1771	1117	21
1781	66	21
1801	526	21
1811	1135	21
1821	285	21
1831	996	21
1863	260	22
1883	1165	22
1893	183	22
1903	1174	22
1918	15	23
1936	403	23
1946	899	23
1966	268	23
1976	1205	23
2006	771	23
190	190	1
200	200	1
210	210	1
220	220	1
230	230	1
240	240	1
256	51	2
266	105	2
276	266	2
296	282	2
351	323	3
361	159	3
381	222	3
396	346	4
408	64	4
418	365	4
428	120	4
458	390	4
476	401	5
484	408	5
494	134	5
504	277	5
524	429	5
536	33	6
556	87	6
576	268	6
586	465	6
596	474	6
624	445	7
632	490	7
642	268	7
677	33	8
689	350	8
709	376	8
729	203	8
753	546	9
765	549	9
775	93	9
795	139	9
805	571	9
815	183	9
825	231	9
828	583	10
838	590	10
848	64	10
858	597	10
868	326	10
888	224	10
904	247	11
912	303	11
922	306	11
932	445	11
942	98	11
952	106	11
962	263	11
972	667	11
982	268	11
992	679	11
1045	267	12
1065	196	12
1075	231	12
1096	445	13
1106	98	13
1116	140	13
1126	161	13
1136	530	13
1146	217	13
1202	805	14
1212	812	14
1222	171	14
1232	826	14
1242	831	14
1257	843	15
1267	91	15
1297	864	15
1307	199	15
1317	235	15
1334	883	16
1355	898	16
1365	137	16
1395	182	16
1405	931	16
1415	236	16
1426	245	17
1466	141	17
1476	171	17
1486	984	17
1506	996	17
1516	243	17
1523	879	18
1535	1012	18
1545	91	18
1565	1026	18
1575	153	18
1585	1034	18
1595	1038	18
1605	428	18
1609	10	19
1619	1048	19
1629	1053	19
1649	1064	19
1659	765	19
1669	1074	19
1689	236	19
1712	553	20
1732	159	20
1742	183	20
1752	226	20
1759	297	21
1789	1053	21
1799	376	21
1809	153	21
1819	183	21
1829	229	21
1843	745	22
1856	554	22
1876	1161	22
1886	1167	22
1896	217	22
1906	1175	22
1916	776	23
1929	745	23
1939	73	23
1949	106	23
1959	137	23
1969	154	23
1979	182	23
2020	1227	24
2030	889	24
191	191	1
201	201	1
221	221	1
231	231	1
252	36	2
274	134	2
294	280	2
304	288	2
314	236	2
322	16	3
334	64	3
344	317	3
354	134	3
364	328	3
374	196	3
404	355	4
413	88	4
423	110	4
463	235	4
470	396	5
480	404	5
490	409	5
520	426	5
541	441	6
551	449	6
561	110	6
601	195	6
622	484	7
634	263	7
644	154	7
664	220	7
672	509	8
682	49	8
692	90	8
712	149	8
722	530	8
752	545	9
762	352	9
772	552	9
782	318	9
792	134	9
812	179	9
822	389	9
843	49	10
853	106	10
863	139	10
873	601	10
883	609	10
893	240	10
908	625	11
948	650	11
978	145	11
998	684	11
1008	227	11
1017	696	12
1027	704	12
1047	268	12
1057	171	12
1077	236	12
1097	403	13
1117	376	13
1137	182	13
1147	220	13
1173	788	14
1183	550	14
1203	806	14
1213	268	14
1223	573	14
1233	827	14
1295	328	15
1305	503	15
1315	390	15
1339	888	16
1361	489	16
1371	909	16
1391	922	16
1401	203	16
1443	49	17
1483	981	17
1503	225	17
1513	938	17
1518	698	18
1538	486	18
1548	751	18
1558	1023	18
1568	139	18
1588	192	18
1598	224	18
1613	303	19
1626	98	19
1646	129	19
1656	154	19
1666	176	19
1686	231	19
1716	107	20
1736	573	20
1746	1106	20
1756	1109	20
1793	1026	21
1803	149	21
1813	166	21
1823	868	21
1833	236	21
1838	16	22
1848	1144	22
1858	98	22
1868	129	22
1878	1163	22
1888	1073	22
1898	224	22
1908	1176	22
1912	1180	23
1922	1042	23
1942	553	23
1962	906	23
1972	1202	23
1982	203	23
1992	217	23
2002	235	23
2022	31	24
192	192	1
222	222	1
242	242	1
254	47	2
262	256	2
272	263	2
292	179	2
302	286	2
329	307	3
369	332	3
414	89	4
424	318	4
434	376	4
444	381	4
464	236	4
474	29	5
486	96	5
496	412	5
506	196	5
516	292	5
526	431	5
555	66	6
565	260	6
575	143	6
585	171	6
595	182	6
605	215	6
637	134	7
647	495	7
657	182	7
667	231	7
675	29	8
685	515	8
696	518	8
706	524	8
716	528	8
726	196	8
736	220	8
766	449	9
776	364	9
786	119	9
796	566	9
826	235	9
834	544	10
846	592	10
856	260	10
866	149	10
876	203	10
886	196	10
923	36	11
943	645	11
963	120	11
983	149	11
993	680	11
1013	235	11
1030	706	12
1061	724	12
1071	731	12
1092	352	13
1102	552	13
1112	263	13
1122	154	13
1132	765	13
1152	236	13
1185	81	14
1195	799	14
1215	674	14
1225	820	14
1235	390	14
1252	16	15
1263	846	15
1283	267	15
1303	203	15
1313	224	15
1322	872	16
1331	881	16
1351	91	16
1370	908	16
1380	914	16
1390	765	16
1400	928	16
1410	933	16
1420	939	16
1438	952	17
1448	957	17
1468	969	17
1488	183	17
1498	991	17
1525	1005	18
1532	54	18
1542	79	18
1552	106	18
1562	127	18
1572	149	18
1582	819	18
1602	236	18
1624	594	19
1634	1056	19
1644	373	19
1654	268	19
1664	332	19
1674	195	19
1684	225	19
1697	16	20
1719	1096	20
1729	377	20
1739	174	20
1749	217	20
1777	64	21
1787	98	21
1797	139	21
1817	279	21
1827	292	21
1840	1142	22
1849	1012	22
1869	1155	22
1899	226	22
1917	12	23
1935	1148	23
1945	98	23
1955	127	23
1965	1200	23
1975	171	23
1995	389	23
2005	1219	23
2008	8	24
2018	1226	24
2028	1230	24
2038	64	24
2058	137	24
193	193	1
203	203	1
223	223	1
243	243	1
245	245	2
255	251	2
265	97	2
285	273	2
315	295	2
335	94	3
345	318	3
355	144	3
365	329	3
375	200	3
385	235	3
416	363	4
426	371	4
436	377	4
446	195	4
456	220	4
471	397	5
491	119	5
501	415	5
511	420	5
521	236	5
535	29	6
562	318	6
572	134	6
582	463	6
612	428	6
623	485	7
631	489	7
671	508	8
681	514	8
691	88	8
701	127	8
711	268	8
721	461	8
731	386	8
741	235	8
760	547	9
770	551	9
780	556	9
800	268	9
842	352	10
862	267	10
872	573	10
892	236	10
914	630	11
974	139	11
984	674	11
994	681	11
1014	236	11
1034	64	12
1044	137	12
1054	720	12
1074	390	12
1115	137	13
1125	761	13
1135	176	13
1145	509	13
1159	776	14
1169	630	14
1179	353	14
1189	97	14
1199	803	14
1239	829	14
1296	171	15
1316	231	15
1321	3	16
1332	882	16
1342	515	16
1362	599	16
1382	916	16
1412	231	16
1429	12	17
1439	352	17
1449	64	17
1469	149	17
1479	977	17
1489	682	17
1521	12	18
1533	1011	18
1543	1015	18
1563	280	18
1583	183	18
1593	534	18
1603	237	18
1615	888	19
1642	598	19
1652	141	19
1662	1072	19
1682	220	19
1692	428	19
1699	303	20
1711	1092	20
1721	127	20
1731	157	20
1741	983	20
1751	221	20
1766	29	21
1814	171	21
1824	288	21
1834	237	21
1837	298	22
1847	549	22
1857	1150	22
1877	1162	22
1887	1168	22
1897	220	22
1907	428	22
1911	1179	23
1921	1183	23
1931	49	23
1951	112	23
1961	139	23
1981	1207	23
1991	215	23
194	194	1
214	214	1
224	224	1
234	234	1
244	244	1
247	247	2
277	267	2
287	275	2
297	283	2
307	220	2
318	298	3
328	306	3
358	149	3
388	340	3
435	268	4
445	285	4
455	217	4
465	237	4
478	62	5
488	106	5
498	268	5
518	231	5
528	396	6
548	446	6
558	452	6
568	124	6
578	154	6
588	467	6
608	231	6
618	29	7
628	66	7
638	137	7
658	193	7
668	235	7
679	511	8
697	519	8
707	139	8
717	171	8
737	224	8
749	2	9
759	400	9
769	66	9
779	210	9
799	568	9
809	573	9
819	224	9
829	582	10
839	29	10
859	263	10
869	161	10
889	229	10
930	251	11
940	91	11
950	652	11
960	597	11
990	573	11
1010	694	11
1019	702	12
1029	705	12
1049	716	12
1059	279	12
1069	214	12
1080	733	13
1090	548	13
1100	748	13
1120	268	13
1140	724	13
1150	231	13
1164	779	14
1171	29	14
1181	62	14
1191	106	14
1211	145	14
1221	818	14
1231	825	14
1249	838	15
1259	48	15
1279	127	15
1289	144	15
1299	332	15
1309	869	15
1319	870	15
1333	29	16
1343	891	16
1353	594	16
1363	904	16
1373	268	16
1413	235	16
1433	947	17
1460	124	17
1470	154	17
1541	74	18
1551	452	18
1561	259	18
1571	268	18
1581	1033	18
1601	235	18
1610	16	19
1620	88	19
1630	110	19
1640	1060	19
1660	1070	19
1670	182	19
1680	1038	19
1701	547	20
1717	1094	20
1747	1107	20
1757	339	20
1768	305	21
1776	1120	21
1786	97	21
1796	137	21
1816	1073	21
1826	224	21
1839	303	22
1850	1145	22
1860	106	22
1880	268	22
1890	1170	22
1900	1039	22
1928	1187	23
1948	1194	23
1968	153	23
1998	231	23
195	195	1
205	205	1
215	215	1
225	225	1
235	235	1
270	261	2
280	149	2
290	176	2
300	285	2
310	292	2
325	29	3
333	311	3
343	316	3
363	327	3
383	231	3
402	353	4
432	137	4
442	379	4
452	386	4
462	231	4
502	273	5
512	421	5
540	38	6
550	448	6
560	454	6
570	458	6
580	461	6
600	193	6
610	236	6
620	33	7
640	144	7
650	330	7
660	503	7
670	240	7
680	512	8
688	64	8
698	260	8
708	525	8
718	465	8
728	532	8
738	389	8
756	303	9
764	51	9
774	553	9
784	260	9
794	137	9
804	170	9
836	588	10
844	251	10
854	107	10
874	602	10
884	223	10
894	613	10
906	92	11
926	638	11
936	64	11
956	655	11
966	127	11
976	376	11
986	675	11
996	682	11
1006	224	11
1016	697	12
1026	305	12
1036	709	12
1046	525	12
1076	235	12
1093	745	13
1103	750	13
1143	203	13
1153	240	13
1170	786	14
1180	793	14
1190	98	14
1200	263	14
1210	144	14
1220	817	14
1240	429	14
1253	840	15
1260	57	15
1280	857	15
1290	268	15
1300	176	15
1310	217	15
1335	884	16
1344	445	16
1354	95	16
1364	134	16
1374	149	16
1394	176	16
1404	868	16
1444	955	17
1504	995	17
1514	1001	17
1522	585	18
1534	445	18
1564	132	18
1574	377	18
1584	377	18
1594	868	18
1618	1047	19
1638	1058	19
1648	134	19
1658	1069	19
1668	468	19
1678	1079	19
1688	235	19
1698	22	20
1710	91	20
1730	153	20
1740	176	20
1750	220	20
1762	1113	21
1772	1011	21
1782	1015	21
1792	129	21
1802	268	21
1812	326	21
1832	235	21
1845	1140	22
1852	448	22
1872	1157	22
1882	154	22
1892	182	22
1902	996	22
1914	8	23
1924	29	23
1934	445	23
1944	94	23
1954	126	23
1964	526	23
1974	1204	23
1984	207	23
1994	224	23
2004	1175	23
2014	12	24
2009	7	24
2019	786	24
2029	49	24
2049	260	24
2069	149	24
2079	864	24
2089	182	24
2099	201	24
2109	1039	24
2129	1286	25
2179	229	25
2187	1328	26
2217	1352	26
2237	421	26
2250	1294	27
2258	105	27
2268	1383	27
2278	224	27
2307	1410	28
2317	371	28
2327	268	28
2384	1475	29
2424	221	29
2437	1509	30
2447	461	30
2457	1520	30
2504	1551	31
2521	1343	32
2531	137	32
2541	1363	32
2551	214	32
2582	1604	33
2592	330	33
2602	418	33
2613	1621	34
2635	767	34
2645	532	34
2660	12	35
2740	1100	36
2760	219	36
2849	1338	38
2856	1343	38
2876	1804	38
2908	1343	39
2928	1836	39
2012	1224	24
2024	306	24
2034	57	24
2044	452	24
2054	1061	24
2064	1248	24
2074	153	24
2084	680	24
2094	191	24
2114	231	24
2136	1290	25
2156	268	25
2200	1339	26
2210	1348	26
2230	174	26
2240	223	26
2271	277	27
2361	1454	28
2392	1343	29
2412	1491	29
2428	1506	30
2438	1343	30
2458	1521	30
2476	1536	31
2486	143	31
2496	179	31
2505	1552	31
2542	196	32
2552	1581	32
2561	888	33
2587	159	33
2616	1343	34
2626	266	34
2654	872	35
2674	1663	35
2694	268	35
2717	888	36
2727	319	36
2769	1728	37
2790	846	37
2810	565	37
2830	687	37
2840	230	37
2845	1227	38
2865	268	38
2895	1815	39
2905	64	39
2915	106	39
2925	1304	39
2945	1850	39
2021	29	24
2031	54	24
2041	98	24
2091	183	24
2121	1277	24
2145	1297	25
2155	669	25
2165	767	25
2214	524	26
2245	1372	27
2265	1380	27
2369	1463	29
2389	1338	29
2399	1378	29
2419	928	29
2434	1337	30
2446	1485	30
2456	268	30
2479	707	31
2491	1544	31
2497	983	31
2533	143	32
2543	1366	32
2619	1627	34
2629	1202	34
2639	1548	34
2649	287	34
2670	1660	35
2691	1676	35
2716	307	36
2723	1343	36
2753	767	36
2771	1730	37
2788	1746	37
2818	268	37
2838	229	37
2878	288	38
2894	1814	39
2901	54	39
2921	1155	39
2032	1144	24
2042	1236	24
2062	139	24
2082	1069	24
2092	1263	24
2128	8	25
2148	803	25
2178	220	25
2216	1351	26
2236	1366	26
2246	1373	27
2256	1376	27
2266	1381	27
2276	220	27
2285	585	28
2305	446	28
2315	106	28
2345	1439	28
2388	253	29
2398	319	29
2432	1504	30
2452	1518	30
2498	726	31
2508	1555	32
2518	1337	32
2528	1569	32
2538	1361	32
2555	1005	33
2565	1592	33
2575	1598	33
2585	1606	33
2595	1612	33
2605	221	33
2632	720	34
2642	1640	34
2686	1673	35
2706	1688	35
2712	778	36
2724	97	36
2744	159	36
2754	765	36
2773	951	37
2803	1058	37
2813	143	37
2879	422	38
2889	620	39
2919	1061	39
2949	214	39
2043	851	24
2053	119	24
2063	143	24
2073	1255	24
2083	977	24
2123	240	24
2137	888	25
2167	1313	25
2177	1323	25
2199	1338	26
2229	1361	26
2239	1039	26
2260	1378	27
2280	244	27
2282	1390	28
2312	94	28
2322	1048	28
2352	1446	28
2362	426	28
2383	1474	29
2393	88	29
2403	1485	29
2413	1492	29
2445	1061	30
2455	143	30
2495	1548	31
2512	1113	32
2524	1566	32
2534	268	32
2611	1623	34
2623	1631	34
2655	1180	35
2665	1655	35
2675	1343	35
2714	1042	36
2726	1194	36
2736	1706	36
2746	1712	36
2756	196	36
2802	119	37
2822	1636	37
2844	546	38
2864	1796	38
2874	1802	38
2897	1817	39
2907	1824	39
2927	268	39
2937	765	39
2046	106	24
2076	1256	24
2096	1266	24
2106	224	24
2116	235	24
2132	1283	25
2182	237	25
2205	1343	26
2215	715	26
2244	778	27
2254	1343	27
2264	268	27
2288	1393	28
2320	662	28
2330	1426	28
2350	1444	28
2360	1453	28
2370	8	29
2390	64	29
2410	268	29
2435	1508	30
2443	371	30
2463	1069	30
2472	546	31
2502	1550	31
2513	887	32
2520	1563	32
2530	715	32
2540	1574	32
2550	869	32
2553	1585	33
2573	371	33
2583	1605	33
2631	1636	34
2641	726	34
2651	421	34
2707	428	35
2711	546	36
2741	137	36
2751	1716	36
2761	220	36
2799	259	37
2829	186	37
2843	776	38
2873	1801	38
2890	1179	39
2902	1821	39
2055	1243	24
2065	1249	24
2075	154	24
2085	176	24
2095	1265	24
2105	217	24
2115	996	24
2131	1284	25
2198	1337	26
2218	143	26
2238	220	26
2242	545	27
2262	137	27
2272	1263	27
2298	49	28
2348	1442	28
2396	1482	29
2406	125	29
2430	28	30
2489	268	31
2500	196	31
2507	1554	32
2568	1343	33
2598	196	33
2612	1536	34
2634	765	34
2644	196	34
2661	879	35
2673	1048	35
2683	110	35
2693	137	35
2713	1692	36
2787	1745	37
2807	1759	37
2837	1779	37
2851	1785	38
2871	330	38
2891	1810	39
2913	102	39
2923	1100	39
2057	134	24
2067	1251	24
2077	1257	24
2097	1267	24
2107	225	24
2117	236	24
2141	64	25
2151	1301	25
2181	936	25
2201	64	26
2211	1099	26
2221	268	26
2241	1367	26
2248	888	27
2269	765	27
2279	1387	27
2336	1431	28
2356	214	28
2381	1472	29
2401	116	29
2436	64	30
2444	1514	30
2454	137	30
2464	610	30
2473	24	31
2503	418	31
2509	1557	32
2519	846	32
2529	1100	32
2599	1267	33
2610	546	34
2630	160	34
2640	474	34
2722	1696	36
2742	268	36
2752	1717	36
2762	1387	36
2791	64	37
2801	371	37
2811	376	37
2821	157	37
2841	694	37
2842	1390	38
2862	134	38
2872	379	38
2882	1175	38
2940	196	39
2068	268	24
2078	171	24
2088	1261	24
2098	1207	24
2108	226	24
2118	936	24
2154	1304	25
2164	765	25
2191	26	26
2232	1363	26
2243	1368	27
2253	64	27
2263	1351	27
2273	196	27
2304	1337	28
2314	454	28
2324	1421	28
2397	106	29
2407	137	29
2429	546	30
2480	64	31
2570	1595	33
2580	268	33
2590	571	33
2608	10	34
2637	1439	34
2689	560	35
2699	279	35
2718	1294	36
2728	259	36
2738	1708	36
2748	330	36
2785	1743	37
2805	1757	37
2835	1777	37
2850	1784	38
2877	193	38
2886	1554	39
2946	1851	39
2080	1034	24
2100	1268	24
2110	229	24
2120	237	24
2140	1294	25
2150	1055	25
2180	230	25
2192	1042	26
2223	969	26
2233	532	26
2247	1369	27
2257	97	27
2267	1382	27
2277	221	27
2313	1415	28
2333	675	28
2343	679	28
2353	1447	28
2415	1493	29
2425	244	29
2451	904	30
2471	236	30
2478	1338	31
2501	865	31
2515	1560	32
2525	371	32
2535	1380	32
2564	705	33
2574	119	33
2584	157	33
2594	765	33
2607	508	34
2627	1634	34
2648	1644	34
2690	857	35
2710	1689	36
2776	1734	37
2816	909	37
2836	220	37
2848	1783	38
2860	1793	38
2870	1166	38
2880	1805	38
2892	1555	39
2904	1012	39
2924	137	39
2934	1801	39
2953	1856	40
2956	12	40
2959	546	40
2960	1862	40
2962	1864	40
2963	26	40
2966	1867	40
2967	1382	40
2968	352	40
2969	41	40
2971	1660	40
2973	1012	40
2974	1148	40
2975	1256	40
2978	1696	40
2979	64	40
2980	1872	40
2986	1878	40
2988	1880	40
2989	106	40
2990	317	40
2995	491	40
2997	119	40
2998	904	40
3001	1888	40
3002	1889	40
3003	137	40
3006	1162	40
3007	268	40
3009	1893	40
3012	166	40
3017	980	40
3020	196	40
3021	478	40
3023	868	40
3027	1367	40
3028	933	40
3029	995	40
3030	1906	40
3033	1463	41
3035	441	41
3036	24	41
3037	1283	41
3039	1911	41
3044	352	41
3046	1917	41
3049	1343	41
3050	554	41
3070	288	41
3087	1940	42
3157	1343	43
3177	376	43
3187	2015	43
3207	242	43
3225	634	44
3255	376	44
3265	158	44
3285	230	44
3317	244	45
3321	776	46
3331	358	46
3341	1243	46
3351	2114	46
3365	2126	47
3375	134	47
3414	2152	48
3444	371	48
3454	2182	48
3464	1205	48
3474	2194	48
3483	546	49
3502	259	49
3532	214	49
3551	2242	50
3571	371	50
3603	350	51
3623	166	51
3633	237	51
3653	553	52
3663	715	52
3683	2319	52
3685	2322	53
3705	1343	53
3715	2338	53
3725	2343	53
3735	1712	53
3745	931	53
3763	1796	54
3773	468	54
3782	620	55
3792	26	55
3812	1509	55
3822	2398	55
3842	2011	55
3852	1367	55
3874	548	56
3894	1759	56
3932	2475	57
3942	961	57
4024	748	58
4034	1100	58
4118	1872	60
4138	984	60
4156	704	61
4208	239	61
4233	1514	62
4260	119	63
4282	2697	63
4283	696	64
4293	2703	64
4303	1055	64
4313	1304	64
4325	2719	65
4335	109	65
4366	2742	66
4415	1343	67
4425	371	67
4435	765	67
4445	829	67
4456	1019	68
4496	2819	68
4533	2846	69
4557	2865	70
4597	2892	70
4607	2298	70
4620	2906	71
4640	179	71
4650	2923	71
4671	1343	72
4681	2948	72
4691	1380	72
4710	546	73
4730	2587	73
4752	1283	74
4762	3002	74
4800	501	74
4810	3032	74
4836	267	75
4846	2671	75
4868	3069	76
3061	765	41
3071	214	41
3079	1933	42
3143	1504	43
3154	64	43
3222	2039	44
3242	367	44
3252	137	44
3262	1255	44
3272	596	44
3282	1551	44
3298	1343	45
3308	571	45
3323	1170	46
3344	2108	46
3383	2131	47
3408	1911	48
3438	1482	48
3458	2184	48
3480	2197	49
3510	914	49
3540	244	49
3548	2241	50
3579	2263	50
3589	330	50
3601	2276	51
3654	2307	52
3664	1304	52
3674	922	52
3684	872	53
3694	568	53
3714	2336	53
3744	868	53
3756	1343	54
3777	2075	54
3798	36	55
3828	2404	55
3848	868	55
3859	2239	56
3879	1343	56
3899	268	56
3928	2473	57
3948	371	57
3988	2511	57
4029	1706	58
4039	377	58
4081	1100	59
4091	2576	59
4106	2589	60
4127	1100	60
4137	1574	60
4207	220	61
4211	2653	62
4231	119	62
4241	765	62
4259	263	63
4281	224	63
4308	2712	64
4318	765	64
4351	532	65
4360	434	66
4372	106	66
4382	1100	66
4408	2719	67
4418	97	67
4428	137	67
4512	88	69
4522	2837	69
4552	1001	69
4554	297	70
4564	1981	70
4574	2875	70
4594	2889	70
4604	426	70
4622	2908	71
4642	196	71
4658	2929	72
4668	2085	72
4688	1251	72
4731	2980	73
4745	2991	74
4766	3003	74
4786	2182	74
4796	3024	74
4806	3029	74
4816	220	74
4870	3070	76
4890	3086	76
4900	725	76
3052	1921	41
3062	767	41
3072	220	41
3102	268	42
3159	1991	43
3179	268	43
3199	2024	43
3234	1343	44
3244	106	44
3284	2075	44
3296	888	45
3304	1100	45
3370	83	47
3381	167	47
3399	546	48
3405	784	48
3415	2153	48
3425	2160	48
3455	1634	48
3465	980	48
3475	995	48
3508	2216	49
3566	2253	50
3576	525	50
3586	2265	50
3596	2270	50
3615	2284	51
3639	2302	52
3649	2306	52
3669	767	52
3679	2318	52
3699	311	53
3709	97	53
3719	263	53
3749	426	53
3760	2366	54
3770	765	54
3785	2375	55
3797	951	55
3807	355	55
3817	1343	55
3827	2402	55
3837	2412	55
3847	506	55
3877	352	56
3931	1294	57
3951	2308	57
3971	2500	57
4001	578	57
4020	739	58
4037	268	58
4047	468	58
4085	330	59
4130	1381	60
4150	192	60
4161	2622	61
4171	107	61
4209	620	62
4219	1382	62
4239	159	62
4292	37	64
4302	2710	64
4312	2685	64
4322	1779	64
4338	2284	65
4348	765	65
4357	2236	66
4387	530	66
4403	2144	67
4413	1294	67
4433	1165	67
4443	2781	67
4461	2795	68
4491	869	68
4511	1343	69
4521	371	69
4551	2319	69
4563	2867	70
4571	2873	70
4591	2887	70
4623	358	71
4643	868	71
4653	2122	71
4656	733	72
4696	1204	72
4716	1696	73
4754	1911	74
4764	60	74
4774	518	74
4794	157	74
4814	288	74
3063	1926	41
3073	1039	41
3081	1931	42
3093	655	42
3103	1951	42
3113	1958	42
3123	829	42
3152	846	43
3162	1994	43
3172	134	43
3202	217	43
3277	332	44
3300	106	45
3333	88	46
3343	268	46
3353	461	46
3363	2122	46
3373	114	47
3380	1381	47
3390	2137	47
3392	2138	48
3402	625	48
3412	843	48
3422	64	48
3495	404	49
3505	2215	49
3535	1805	49
3543	2236	50
3563	64	50
3573	134	50
3583	377	50
3609	2254	51
3619	268	51
3629	2295	51
3637	776	52
3647	251	52
3667	268	52
3707	2333	53
3717	409	53
3727	137	53
3747	2357	53
3752	2303	54
3761	1100	54
3771	767	54
3804	52	55
3844	2315	55
3872	1862	56
3934	2476	57
3944	106	57
3974	1544	57
3984	1717	57
3994	179	57
4004	2522	57
4036	376	58
4046	977	58
4061	846	59
4083	376	59
4114	2386	60
4124	371	60
4134	169	60
4166	88	61
4196	195	61
4206	730	61
4216	1585	62
4232	1598	62
4242	2672	62
4252	2680	62
4291	2702	64
4307	2086	64
4317	571	64
4326	1226	65
4336	371	65
4394	2233	66
4406	544	67
4416	2769	67
4446	244	67
4468	119	68
4488	196	68
4517	556	69
4537	977	69
4586	1676	70
4606	237	70
4618	1226	71
4627	97	71
4637	2918	71
4647	223	71
4662	2935	72
4684	2129	72
4694	2610	72
4703	2963	72
4718	1343	73
4726	2178	73
4740	2988	74
4750	23	74
4760	1917	74
4770	1343	74
4818	229	74
4829	64	75
4840	154	75
4850	532	75
3054	119	41
3100	1949	42
3120	1039	42
3126	1463	43
3146	352	43
3156	1989	43
3206	2028	43
3221	588	44
3231	64	44
3271	602	44
3281	2074	44
3299	898	45
3367	1227	47
3377	2129	47
3393	698	48
3413	2151	48
3423	2158	48
3433	2166	48
3453	2181	48
3463	330	48
3499	2211	49
3539	237	49
3547	2240	50
3578	2261	50
3588	719	50
3606	1343	51
3617	2286	51
3651	64	52
3661	2312	52
3681	2194	52
3708	2253	53
3728	268	53
3738	920	53
3748	2358	53
3764	908	54
3799	704	55
3829	2403	55
3849	2417	55
3916	1689	57
3926	1382	57
3936	2477	57
3946	2482	57
3956	1100	57
3976	2315	57
3986	2370	57
3996	1267	57
4006	938	57
4013	2534	58
4033	1155	58
4063	64	59
4080	1518	59
4113	1655	60
4133	2610	60
4169	106	61
4179	2634	61
4189	2315	61
4210	838	62
4230	371	62
4240	2671	62
4250	2136	62
4257	82	63
4277	192	63
4286	1814	64
4296	1343	64
4306	1060	64
4349	530	65
4365	1621	66
4385	2755	66
4395	1367	66
4400	733	67
4430	1380	67
4453	64	68
4474	909	68
4484	2015	68
4493	730	68
4525	137	69
4579	106	70
4609	938	70
4617	544	71
4639	602	71
4649	2925	71
4664	1074	72
4682	2947	72
4692	157	72
4717	64	73
4747	2993	74
4768	3005	74
4802	174	74
4823	1286	75
4876	3075	76
4896	3090	76
3083	1936	42
3091	259	42
3145	887	43
3205	236	43
3223	1074	44
3243	651	44
3283	223	44
3297	2085	45
3305	268	45
3315	223	45
3329	515	46
3349	2113	46
3359	1851	46
3379	268	47
3389	2136	47
3419	2156	48
3429	1343	48
3439	106	48
3449	134	48
3459	1251	48
3469	196	48
3486	402	49
3494	64	49
3504	263	49
3514	158	49
3533	220	49
3549	12	50
3557	484	50
3567	2254	50
3577	2260	50
3587	159	50
3607	2253	51
3643	400	52
3650	549	52
3660	352	52
3670	765	52
3680	206	52
3689	1203	53
3702	2330	53
3712	106	53
3722	1026	53
3742	2355	53
3757	2362	54
3768	719	54
3778	236	54
3806	54	55
3816	102	55
3927	888	57
4042	1544	58
4062	592	59
4069	1343	59
4089	2574	59
4102	2587	60
4132	2609	60
4142	2519	60
4154	1930	61
4174	371	61
4184	2637	61
4194	466	61
4224	64	62
4275	283	63
4285	2237	64
4295	64	64
4315	1605	64
4324	1506	65
4361	1689	66
4373	2747	66
4383	2753	66
4399	872	67
4409	744	67
4429	154	67
4472	1421	68
4500	2240	69
4510	748	69
4562	1734	70
4570	64	70
4580	2795	70
4590	412	70
4610	2899	70
4624	1343	71
4634	526	71
4667	2938	72
4713	1283	73
4748	22	74
4765	64	74
4785	2181	74
4815	214	74
4831	82	75
4841	3048	75
4869	64	76
3066	1640	41
3076	779	42
3106	1204	42
3191	2017	43
3201	869	43
3249	802	44
3269	678	44
3279	684	44
3306	1636	45
3316	1367	45
3330	1294	46
3350	158	46
3364	2123	47
3374	371	47
3400	2144	48
3406	1183	48
3416	54	48
3426	2161	48
3456	908	48
3492	1338	49
3513	720	49
3534	2233	49
3542	2239	50
3582	268	50
3592	2267	50
3602	2274	51
3622	2290	51
3632	2136	51
3636	2303	52
3646	2151	52
3656	2308	52
3676	467	52
3693	881	53
3701	1048	53
3731	2347	53
3741	192	53
3759	2364	54
3769	2369	54
3779	237	54
3783	2138	55
3793	303	55
3803	2389	55
3813	2392	55
3823	368	55
3853	236	55
3861	698	56
3881	2253	56
3891	2403	56
3915	2466	57
3925	843	57
3935	1343	57
3945	109	57
3955	2488	57
3965	373	57
3985	767	57
4005	580	57
4021	305	58
4031	2488	58
4051	1038	58
4057	1557	59
4077	371	59
4136	765	60
4146	220	60
4152	2237	61
4182	2259	61
4237	1381	62
4261	266	63
4269	1491	63
4300	2708	64
4320	1072	64
4347	327	65
4378	371	66
4388	2576	66
4427	1100	67
4467	263	68
4477	571	68
4497	2820	68
4504	952	69
4546	220	69
4558	2126	70
4578	2213	70
4608	2898	70
4611	2900	71
4663	2934	72
4675	2942	72
4722	1196	73
4743	10	74
4753	2995	74
4763	846	74
4793	268	74
4801	173	74
4824	1042	75
4834	3043	75
4844	3051	75
3057	137	41
3075	1930	42
3094	1514	42
3131	739	43
3144	1981	43
3173	1100	43
3183	2011	43
3193	1804	43
3211	621	44
3220	26	44
3240	1339	44
3303	1062	45
3327	49	46
3347	2111	46
3378	1162	47
3388	220	47
3437	792	48
3491	957	49
3501	2213	49
3511	157	49
3521	2224	49
3550	1286	50
3590	1069	50
3624	1888	51
3634	2298	51
3641	1689	52
3652	1343	52
3662	1100	52
3672	2315	52
3682	220	52
3692	1692	53
3700	1621	53
3750	2359	53
3751	2361	54
3762	1304	54
3772	2370	54
3805	2388	55
3815	2394	55
3825	2400	55
3845	765	55
3855	2420	55
3875	2435	56
3895	134	56
3905	2457	56
3918	1294	57
3930	793	57
3940	2362	57
3950	119	57
3970	2499	57
4000	2519	57
4074	1994	59
4094	2579	59
4135	330	60
4145	288	60
4212	1224	62
4225	2663	62
4234	2669	62
4244	196	62
4254	2240	63
4274	726	63
4284	2138	64
4294	2704	64
4304	371	64
4343	1251	65
4353	1038	65
4359	2240	66
4369	1343	66
4379	263	66
4389	1265	66
4407	26	67
4414	83	67
4424	109	67
4434	330	67
4480	330	68
4499	2822	69
4509	64	69
4560	26	70
4573	1343	70
4638	1544	71
4665	2936	72
4673	2941	72
4704	220	72
4749	2994	74
4769	79	74
4779	1026	74
4803	2980	74
4822	1856	75
4832	97	75
4894	3089	76
4920	883	77
4927	846	77
3058	268	41
3068	196	41
3078	788	42
3088	1343	42
3109	765	42
3128	1557	43
3188	983	43
3236	594	44
3276	680	44
3291	837	45
3301	1373	45
3332	1343	46
3342	137	46
3352	1574	46
3371	2127	47
3398	12	48
3410	2150	48
3430	91	48
3440	2170	48
3450	2178	48
3470	1366	48
3496	1343	49
3506	1163	49
3526	195	49
3536	425	49
3544	2237	50
3564	1343	50
3574	2259	50
3584	761	50
3626	2292	51
3645	1783	52
3655	119	52
3665	2260	52
3675	176	52
3703	64	53
3733	2349	53
3765	268	54
3801	2386	55
3811	64	55
3821	2397	55
3831	2406	55
3841	1636	55
3851	1805	55
3888	2338	56
3959	2491	57
3969	2347	57
3979	765	57
3989	466	57
3999	478	57
4009	234	57
4025	1343	58
4035	2260	58
4045	2547	58
4068	1089	59
4088	2572	59
4098	220	59
4129	2260	60
4139	724	60
4149	1039	60
4155	305	61
4165	1343	61
4185	268	61
4195	182	61
4238	2290	62
4268	720	63
4278	196	63
4299	2707	64
4309	1061	64
4342	376	65
4352	730	65
4381	1757	66
4391	503	66
4432	1544	67
4442	1267	67
4494	220	68
4528	376	69
4538	1926	69
4585	2883	70
4605	2137	70
4625	88	71
4635	2916	71
4670	748	72
4737	1453	73
4787	3017	74
4807	3030	74
4817	1039	74
4837	3045	75
4847	571	75
4887	1951	76
4897	174	76
4907	731	76
3059	169	41
3069	868	41
3074	1689	42
3105	159	42
3115	196	42
3140	1472	43
3190	1137	43
3200	2025	43
3219	544	44
3238	554	44
3248	652	44
3258	268	44
3278	681	44
3302	2086	45
3324	1283	46
3335	2102	46
3355	196	46
3366	1113	47
3376	137	47
3411	704	48
3421	62	48
3441	2171	48
3451	2179	48
3471	2191	48
3507	268	49
3517	1338	49
3527	416	49
3537	426	49
3545	7	50
3555	2246	50
3565	91	50
3575	137	50
3585	157	50
3595	1447	50
3600	296	51
3638	2300	52
3648	54	52
3668	154	52
3678	195	52
3687	2325	53
3706	2332	53
3716	2171	53
3726	1100	53
3746	220	53
3754	1294	54
3776	220	54
3800	1655	55
3810	358	55
3820	88	55
3840	268	55
3873	2123	56
3913	2237	57
3923	1734	57
3933	1663	57
3943	1880	57
3963	268	57
3983	2509	57
4038	2542	58
4048	205	58
4086	2547	59
4151	430	60
4163	2160	61
4183	2260	61
4193	765	61
4262	2685	63
4270	765	63
4290	2701	64
4321	2718	64
4350	196	65
4362	2144	66
4401	1856	67
4421	1991	67
4431	166	67
4441	196	67
4459	2793	68
4479	2808	68
4506	2827	69
4514	2831	69
4572	2874	70
4592	143	70
4602	223	70
4616	546	71
4646	220	71
4669	1785	72
4679	134	72
4715	1917	73
4725	806	73
4735	220	73
4741	2987	74
4751	1042	74
4781	806	74
4799	765	74
4809	196	74
4819	239	74
4827	1864	75
4838	3046	75
4848	1069	75
4852	733	76
4863	706	76
4873	553	76
4883	669	76
4885	268	76
4895	1491	76
4926	1148	77
4936	2402	77
4946	268	77
4976	2300	78
4986	2156	78
4996	3139	78
5006	3144	78
5016	330	78
5026	3152	78
5055	3163	79
5075	1174	79
5087	88	80
5097	493	80
5107	1072	80
5232	938	82
5236	2589	83
5249	2388	83
5259	518	83
5269	134	83
5279	159	83
5299	870	83
5303	2929	84
5323	1343	84
5333	3319	84
5343	3324	84
5353	3325	84
5363	2820	84
5382	3343	85
5391	3351	85
5401	268	85
5459	451	86
5479	3415	86
5489	3422	86
5499	2519	86
5521	3069	87
5551	825	87
5558	544	88
5605	3495	89
5615	788	89
5625	1145	89
5635	97	89
5645	3516	89
5655	2343	89
5685	2355	89
5698	26	90
5738	268	90
5748	464	90
5758	2417	90
5786	3596	91
5816	1805	91
5842	1343	92
5852	3643	92
5872	159	92
5944	26	94
5975	2712	94
5985	1249	94
5995	571	94
6027	549	95
6038	596	95
6058	166	95
6068	1447	95
6093	851	96
6103	268	96
6122	2240	97
6172	3643	97
6182	2308	97
6192	2216	97
6202	1544	97
6232	288	97
6294	418	98
6313	2708	99
6325	765	99
6345	88	100
6355	1598	100
6365	268	100
6375	3920	100
6408	268	101
6435	3333	102
6496	1297	103
6536	4031	103
6597	3046	104
6607	912	104
6617	3364	104
6647	4089	104
6715	3089	105
4909	224	76
4914	1187	77
4924	2306	77
4944	413	77
4954	3122	77
4964	2318	77
4979	3133	78
4989	2476	78
4999	3140	78
5009	137	78
5019	819	78
5029	422	78
5039	3154	78
5049	64	79
5067	196	79
5077	3178	79
5084	1382	80
5105	765	80
5128	3210	81
5149	806	81
5169	236	81
5173	3231	82
5183	2622	82
5203	2406	82
5239	3210	83
5251	3069	83
5261	1880	83
5271	2261	83
5281	3292	83
5318	1621	84
5328	3316	84
5348	765	84
5358	224	84
5371	3333	85
5383	3344	85
5393	2685	85
5403	2108	85
5413	330	85
5423	3029	85
5433	224	85
5461	1343	86
5471	117	86
5481	137	86
5491	765	86
5516	352	87
5537	909	87
5547	687	87
5575	100	88
5638	106	89
5648	1026	89
5658	413	89
5688	3535	89
5701	1283	90
5712	3002	90
5722	518	90
5742	3571	90
5768	1817	91
5779	1343	91
5799	3606	91
5819	1454	91
5829	3624	92
5849	3443	92
5859	137	92
5889	3667	92
5907	2747	93
5936	237	93
5960	3003	94
5970	3718	94
5980	1146	94
6010	1267	94
6032	1343	95
6052	268	95
6077	3305	96
6087	64	96
6118	223	96
6140	3802	97
6150	2704	97
6160	3810	97
6180	1514	97
6210	765	97
6220	2216	97
6240	3202	97
6242	1856	98
6262	1991	98
6272	3871	98
6326	3898	99
6370	765	100
6390	64	101
6397	709	101
6433	3305	102
6443	3967	102
6453	3976	102
6467	3986	103
6487	64	103
6497	3247	103
6507	1631	103
6517	268	103
6527	922	103
6551	29	104
6563	4043	104
6573	4047	104
6593	3560	104
6603	1634	104
6633	461	104
6680	1343	105
4908	220	76
4942	524	77
4952	330	77
4972	220	77
4980	1655	78
4991	88	78
5001	119	78
5011	268	78
5021	1266	78
5031	2417	78
5080	3182	80
5090	2708	80
5158	330	81
5168	224	81
5177	352	82
5196	3247	82
5206	3254	82
5216	2610	82
5226	1958	82
5240	1227	83
5247	3280	83
5257	647	83
5277	3235	83
5287	285	83
5309	3307	84
5347	3121	84
5357	220	84
5381	3342	85
5412	1544	85
5432	214	85
5483	3417	86
5493	176	86
5503	288	86
5529	259	87
5539	3447	87
5549	220	87
5563	3462	88
5571	451	88
5590	166	88
5600	2359	88
5614	3307	89
5632	553	89
5652	2685	89
5662	3522	89
5672	2315	89
5682	285	89
5692	430	89
5695	3539	90
5705	788	90
5715	1148	90
5765	428	90
5794	3602	91
5804	3152	91
5814	224	91
5824	1176	91
5825	733	92
5885	3666	92
5896	1689	93
5946	1283	94
5958	550	94
5988	269	94
5998	765	94
6008	195	94
6018	229	94
6024	2500	95
6034	2166	95
6054	3360	95
6064	3606	95
6107	1636	96
6125	2929	97
6136	305	97
6166	851	97
6216	178	97
6236	3666	97
6267	263	98
6277	268	98
6287	3881	98
6308	2702	99
6318	1061	99
6328	1072	99
6347	2707	100
6357	3911	100
6367	1135	100
6399	3597	101
6434	1372	102
6466	244	102
6476	3992	103
6484	706	103
6494	4007	103
6514	4023	103
6534	195	103
6550	22	104
6580	1343	104
6600	1032	104
6630	173	104
6650	4090	104
6658	3231	105
6668	3704	105
6688	1706	105
6698	3045	105
6728	282	105
4892	162	76
4929	1343	77
4959	190	77
4969	868	77
4975	1044	78
5015	2315	78
5025	195	78
5035	224	78
5052	1343	79
5062	2113	79
5072	292	79
5079	2988	80
5109	1804	80
5119	3202	80
5137	1294	81
5157	1257	81
5167	826	81
5174	31	82
5204	3252	82
5241	3277	83
5248	52	83
5258	3283	83
5268	137	83
5278	1381	83
5288	196	83
5298	426	83
5312	843	84
5322	79	84
5332	799	84
5342	3323	84
5352	1070	84
5362	244	84
5365	2994	85
5406	2290	85
5497	2024	86
5515	39	87
5535	3445	87
5554	3458	88
5564	3464	88
5604	3494	88
5626	2330	89
5636	2166	89
5646	805	89
5656	1421	89
5666	2610	89
5676	1073	89
5686	868	89
5737	3569	90
5767	2819	90
5790	134	91
5800	3607	91
5833	2152	92
5892	733	93
5902	2392	93
5922	3422	93
5943	544	94
5973	119	94
5983	2685	94
5993	166	94
6021	2865	95
6051	3755	95
6071	431	95
6082	1226	96
6091	1343	96
6111	1033	96
6120	3495	97
6131	840	97
6141	2473	97
6171	3816	97
6181	2712	97
6191	3447	97
6211	3835	97
6231	2417	97
6241	1219	97
6258	3069	98
6268	119	98
6278	154	98
6288	3883	98
6298	3889	98
6312	1343	99
6322	1606	99
6332	829	99
6353	119	100
6363	2669	100
6406	3417	101
6426	995	101
6431	3962	102
6441	1343	102
6451	3975	102
6520	815	103
6530	726	103
6540	220	103
6556	3801	104
6566	2742	104
6586	2336	104
6596	1100	104
6606	2111	104
6626	2315	104
6636	4083	104
6646	224	104
6669	1931	105
6679	83	105
4925	1663	77
4935	319	77
4965	1079	77
4983	54	78
4990	1343	78
5010	2908	78
5030	1552	78
5040	430	78
5053	365	79
5063	3168	79
5082	3181	80
5092	1598	80
5112	1851	80
5146	106	81
5156	815	81
5166	220	81
5179	3235	82
5188	553	82
5253	68	83
5263	114	83
5273	3291	83
5283	330	83
5293	3298	83
5307	3305	84
5339	3322	84
5349	767	84
5368	3331	85
5428	3377	85
5434	872	86
5444	2276	86
5454	957	86
5484	268	86
5494	682	86
5504	214	86
5534	137	87
5611	1862	89
5624	1048	89
5634	2253	89
5654	3254	89
5664	157	89
5674	330	89
5684	1267	89
5696	2302	90
5716	1120	90
5756	2781	90
5801	3293	91
5821	236	91
5828	2929	92
5858	2685	92
5868	268	92
5888	236	92
5893	2987	93
5903	1343	93
5945	303	94
5955	1145	94
5964	82	94
5984	1304	94
5994	3726	94
6004	1033	94
6014	1447	94
6053	2918	95
6063	602	95
6085	3773	96
6095	3597	96
6124	2865	97
6134	1187	97
6154	2158	97
6174	116	97
6184	3822	97
6194	3323	97
6204	571	97
6224	3139	97
6234	2270	97
6317	2712	99
6327	1070	99
6340	49	100
6352	1056	100
6372	3917	100
6432	3963	102
6442	3966	102
6452	330	102
6472	2126	103
6492	2166	103
6522	159	103
6564	52	104
6574	4048	104
6594	2179	104
6604	268	104
6634	280	104
6644	220	104
6660	3992	105
6712	720	105
6722	3293	105
6742	220	105
4903	3095	76
4911	7	77
4921	31	77
4941	134	77
4951	2315	77
4961	1267	77
4978	1046	78
4988	1696	78
4998	116	78
5018	182	78
5028	420	78
5038	831	78
5041	733	79
5051	748	79
5061	1636	79
5071	220	79
5081	343	80
5101	1836	80
5170	247	82
5190	365	82
5220	1069	82
5252	3281	83
5262	317	83
5282	1165	83
5301	2240	84
5311	3308	84
5321	449	84
5331	454	84
5341	155	84
5351	1072	84
5361	2899	84
5379	3341	85
5429	3378	85
5448	1369	86
5498	3426	86
5508	1176	86
5518	1623	87
5573	2769	88
5593	3090	88
5620	1297	89
5630	1343	89
5640	409	89
5670	3527	89
5699	1183	90
5720	3555	90
5740	157	90
5750	1383	90
5760	224	90
5771	2936	91
5802	3608	91
5847	3283	92
5857	3415	92
5887	426	92
5900	485	93
5918	268	93
5948	47	94
5987	268	94
6007	192	94
6017	224	94
6026	26	95
6047	3752	95
6067	603	95
6099	1518	96
6109	601	96
6119	224	96
6126	441	97
6137	3801	97
6147	2703	97
6157	3809	97
6167	3247	97
6187	373	97
6217	3293	97
6237	214	97
6283	330	98
6311	64	99
6321	268	99
6331	224	99
6334	1224	100
6344	1343	100
6354	1514	100
6364	3017	100
6374	3919	100
6384	1372	101
6394	1343	101
6404	3939	101
6414	330	101
6440	512	102
6531	3608	103
6541	224	103
6549	2144	104
6559	353	104
6569	60	104
6599	2908	104
6609	4067	104
6629	330	104
6639	2519	104
6654	2276	105
6674	484	105
6684	2747	105
6704	269	105
4923	3108	77
4943	1064	77
4953	3121	77
4963	2579	77
4981	47	78
4992	2875	78
5002	1023	78
5012	3147	78
5022	2267	78
5032	214	78
5086	1343	80
5093	1514	80
5133	2246	81
5153	268	81
5163	1267	81
5189	3241	82
5229	220	82
5245	3108	83
5255	88	83
5275	268	83
5285	1439	83
5295	1447	83
5316	484	84
5336	2685	84
5346	330	84
5405	3360	85
5425	3375	85
5456	1872	86
5476	3412	86
5520	651	87
5530	1793	87
5540	912	87
5572	1343	88
5613	3500	89
5641	1706	89
5661	2347	89
5709	1931	90
5729	3560	90
5749	3292	90
5759	288	90
5815	1039	91
5844	2253	92
5854	1706	92
5864	3650	92
5901	64	93
5909	263	93
5941	2994	94
5961	3713	94
5971	261	94
5991	2347	94
6001	977	94
6011	3732	94
6040	259	95
6070	224	95
6090	83	96
6110	983	96
6139	1655	97
6149	846	97
6159	1343	97
6169	319	97
6179	1598	97
6189	2259	97
6199	2500	97
6229	3378	97
6239	3582	97
6279	159	98
6316	119	99
6324	330	99
6342	3905	100
6379	3202	100
6429	3959	102
6439	352	102
6459	220	102
6469	1689	103
6499	319	103
6519	2347	103
6529	4029	103
6539	1551	103
6555	305	104
6562	3280	104
6572	1121	104
6582	4054	104
6602	3569	104
6622	4078	104
6632	1168	104
6642	3889	104
6652	430	104
6676	3713	105
6686	2402	105
6696	2887	105
6726	381	105
6762	1595	106
6772	1598	106
6782	2898	106
4928	64	77
4958	319	77
4977	26	78
4997	800	78
5007	3146	78
5017	2672	78
5027	478	78
5037	424	78
5048	846	79
5088	89	80
5098	1304	80
5132	352	81
5142	88	81
5152	2491	81
5162	767	81
5171	739	82
5181	1047	82
5201	904	82
5231	1906	82
5238	26	83
5250	3235	83
5280	495	83
5290	3152	83
5300	244	83
5314	793	84
5334	800	84
5344	1636	84
5354	182	84
5380	1343	85
5400	3017	85
5410	3364	85
5449	888	86
5460	2873	86
5480	2685	86
5490	169	86
5517	638	87
5528	3443	87
5538	268	87
5559	1226	88
5579	1514	88
5599	730	88
5610	2300	89
5623	1012	89
5633	2333	89
5653	137	89
5663	3086	89
5693	2359	89
5700	3541	90
5721	3241	90
5741	159	90
5751	2131	90
5776	846	91
5783	2400	91
5793	268	91
5803	3609	91
5813	220	91
5856	3644	92
5866	908	92
5876	330	92
5886	868	92
5935	3699	93
5939	3702	94
5969	2482	94
5979	3144	94
5989	1604	94
5999	767	94
6009	196	94
6019	237	94
6025	544	95
6035	2211	95
6055	159	95
6065	286	95
6102	2685	96
6112	3787	96
6145	2156	97
6155	2476	97
6165	2831	97
6195	3826	97
6235	220	97
6255	1047	98
6275	3874	98
6295	1421	98
6305	430	98
6315	1055	99
6323	571	99
6356	2712	100
6366	149	100
6376	3921	100
6382	733	101
6436	3964	102
6454	765	102
6483	3999	103
6523	4026	103
6533	192	103
6543	3494	103
6554	1933	104
6611	3024	104
6631	174	104
6641	1644	104
6651	428	104
6659	1227	105
6671	2246	105
6701	908	105
6721	467	105
6731	4083	105
6741	868	105
6747	8	106
6757	1343	106
4940	2634	77
4960	195	77
4984	549	78
5034	826	78
5059	268	79
5114	3198	80
5131	400	81
5141	1343	81
5161	1716	81
5175	1734	82
5185	1343	82
5244	1867	83
5254	2394	83
5274	671	83
5284	3293	83
5305	3302	84
5315	1294	84
5335	1708	84
5345	2114	84
5367	1283	85
5397	2178	85
5427	532	85
5472	119	86
5513	628	87
5533	2685	87
5543	2846	87
5570	64	88
5609	776	89
5639	3512	89
5649	1146	89
5659	268	89
5679	800	89
5689	2358	89
5723	259	90
5753	1442	90
5763	2137	90
5769	2935	91
5843	3636	92
5883	3664	92
5924	2755	93
5947	3704	94
5956	1048	94
5966	1343	94
5976	2404	94
5996	2315	94
6006	3731	94
6016	220	94
6039	3745	95
6049	908	95
6069	223	95
6086	3069	96
6096	3779	96
6106	3785	96
6127	3794	97
6138	843	97
6148	2475	97
6158	2161	97
6168	108	97
6178	119	97
6188	134	97
6198	2610	97
6208	2753	97
6218	1297	97
6238	236	97
6270	1676	98
6290	3664	98
6300	220	98
6309	2703	99
6319	3897	99
6329	3899	99
6341	1294	100
6348	2102	100
6368	571	100
6378	3198	100
6445	3969	102
6465	831	102
6505	4015	103
6515	1634	103
6525	1069	103
6535	1267	103
6552	1046	104
6565	2156	104
6615	720	104
6625	4081	104
6635	182	104
6677	3905	105
6687	4110	105
6697	2685	105
6707	3602	105
6737	1550	105
6749	3182	106
6759	88	106
6790	571	106
6800	2511	106
6810	237	106
4937	119	77
4957	530	77
4982	3134	78
4993	96	78
5003	373	78
5013	1636	78
5033	1367	78
5054	3162	79
5106	1070	80
5116	224	80
5130	3213	81
5150	565	81
5160	1802	81
5197	2336	82
5217	2315	82
5227	196	82
5246	50	83
5276	969	83
5296	288	83
5308	1226	84
5320	1410	84
5340	268	84
5350	1313	84
5360	237	84
5364	1390	85
5384	490	85
5414	1069	85
5465	3403	86
5485	3418	86
5512	1044	87
5522	2663	87
5532	711	87
5542	1380	87
5677	280	89
5687	2357	89
5724	3556	90
5744	327	90
5764	3582	90
5787	3597	91
5797	3168	91
5817	933	91
5860	3646	92
5870	1521	92
5890	2923	92
5898	2274	93
5942	24	94
5962	805	94
5972	117	94
5992	2499	94
6002	3325	94
6036	3443	95
6066	2519	95
6114	214	96
6143	1294	97
6153	64	97
6183	3821	97
6193	3360	97
6203	415	97
6213	466	97
6233	3198	97
6249	3854	98
6291	3377	98
6301	224	98
6310	1696	99
6320	1304	99
6330	2718	99
6339	888	100
6361	3897	100
6371	2511	100
6381	244	100
6383	2935	101
6428	3960	102
6438	1734	102
6468	2241	103
6498	4009	103
6518	716	103
6528	1073	103
6538	578	103
6548	2300	104
6568	1148	104
6578	72	104
6588	113	104
6598	4064	104
6618	4074	104
6628	2889	104
6638	3664	104
6648	2697	104
6663	1655	105
6693	372	105
6703	4064	105
6733	196	105
6743	224	105
6750	546	106
6760	2332	106
6769	1055	106
6689	4112	105
6719	2753	105
6739	1447	105
6773	4157	106
6803	3917	106
6823	4188	107
6845	4178	107
6869	1117	108
6879	1376	108
6909	2265	108
6919	2753	108
6929	195	108
7013	119	110
7023	765	110
7048	64	111
7056	1921	111
6730	3883	105
6752	4145	106
6774	1514	106
6798	4172	106
6808	731	106
6820	4145	107
6830	119	107
6839	4172	107
6849	2298	107
6853	879	108
6863	3802	108
6903	3418	108
6955	4255	109
6967	316	109
6977	2685	109
7001	2435	110
7021	415	110
7031	4299	110
7063	3319	111
7073	4327	111
6714	528	105
6724	4132	105
6734	4137	105
6744	829	105
6756	1508	106
6776	3911	106
6807	4178	106
6826	1343	107
6836	4168	107
6859	2935	108
6866	2306	108
6876	78	108
6936	4243	108
6946	1906	108
6965	4261	109
6995	428	109
6999	4284	110
7009	2253	110
7019	3826	110
7029	983	110
7062	3718	111
7082	532	111
6758	3342	106
6788	4067	106
6794	330	106
6825	64	107
6856	4199	108
6867	3002	108
6877	3527	108
6887	119	108
6907	157	108
6917	4231	108
6927	484	108
6947	829	108
6961	64	109
6971	4266	109
6981	4273	109
7018	268	110
7038	4305	110
7087	1581	111
6745	2820	105
6765	4152	106
6775	2712	106
6785	4165	106
6796	767	106
6806	991	106
6841	2572	107
6852	11	108
6862	1734	108
6892	4217	108
6902	1161	108
6912	1636	108
6922	461	108
6942	224	108
6963	3555	109
6973	2837	109
6983	4274	109
7014	2364	110
7039	546	111
7059	114	111
7089	224	111
6761	4149	106
6771	119	106
6781	4162	106
6791	4168	106
6811	2298	106
6828	2362	107
6838	765	107
6848	237	107
6865	3999	108
6875	77	108
6895	412	108
6915	974	108
6925	726	108
6945	236	108
6964	750	109
6984	2315	109
6994	224	109
7015	2366	110
7025	1612	110
7044	2246	111
7054	518	111
6787	268	106
6799	4173	106
6809	4179	106
6821	3308	107
6833	268	107
6861	2435	108
6871	1872	108
6891	127	108
6921	466	108
6941	220	108
6986	330	109
7017	1248	110
7037	236	110
6795	765	106
6815	2122	106
6829	262	107
6840	2511	107
6870	64	108
6880	210	108
6900	268	108
6910	2610	108
6920	3122	108
6950	3181	109
6970	4265	109
6980	139	109
7002	888	110
7022	330	110
7046	4310	111
7068	119	111
7078	1636	111
7088	1367	111
6827	88	107
6837	330	107
6847	4179	107
6948	2420	108
6952	24	109
6962	4260	109
6982	159	109
6992	478	109
7005	2475	110
7016	3417	110
7041	1113	111
6822	4187	107
6834	158	107
6854	624	108
6874	2874	108
6884	652	108
6904	153	108
6914	166	108
6988	1072	109
7000	3277	110
7047	3069	111
7055	2400	111
7065	1706	111
7075	3650	111
7092	3458	112
7091	1328	112
7095	739	112
7098	26	112
7099	28	112
7100	4343	112
7101	3802	112
7103	4345	112
7104	846	112
7105	1592	112
7107	64	112
7108	1872	112
7109	1784	112
7110	4347	112
7113	1343	112
7117	851	112
7118	4353	112
7119	3247	112
7121	2170	112
7135	525	112
7137	1251	112
7138	268	112
7140	4026	112
7141	2610	112
7142	4370	112
7143	4371	112
7145	166	112
7146	1491	112
7147	4231	112
7148	4373	112
7149	3029	112
7150	286	112
7152	2519	112
7154	4243	112
7157	288	112
7160	236	112
7161	224	112
7162	3582	112
7164	2322	113
7166	4381	113
7167	4383	113
7170	2325	113
7171	697	113
7173	2900	113
7174	696	113
7175	1810	113
7176	2822	113
7177	508	113
7178	583	113
7180	837	113
7181	8	113
7182	1815	113
7183	546	113
7187	4391	113
7188	544	113
7192	3134	113
7193	3773	113
7194	4310	113
7198	1343	113
7199	364	113
7201	3967	113
7202	4399	113
7203	2747	113
7204	1095	113
7205	1096	113
7206	4400	113
7209	3043	113
7210	1243	113
7221	4413	113
7225	4417	113
7226	2290	113
7227	3048	113
7228	716	113
7229	3051	113
7232	330	113
7233	2753	113
7234	3976	113
7235	4420	113
7237	4422	113
7239	4424	113
7240	726	113
7242	196	113
7246	868	113
7247	223	113
7248	826	113
7249	224	113
7259	47	114
7266	64	114
7296	4064	114
7306	3606	114
7328	1042	115
7338	793	115
7348	4479	115
7358	3779	115
7368	268	115
7378	2369	115
7399	4433	116
7409	64	116
7459	1805	116
7467	4543	117
7478	1343	117
7488	2610	117
7498	220	117
7522	884	118
7572	680	118
7643	3305	120
7651	1696	120
7681	1431	120
7709	4684	121
7719	4690	121
7739	4703	121
7749	4709	121
7797	2475	123
7827	4274	123
7867	4054	124
7897	603	124
7929	4043	125
7939	2127	125
7949	1631	125
7959	4826	125
8002	4816	126
8012	4861	126
8041	16	127
8051	88	127
8061	134	127
8081	236	127
8087	1113	128
8097	846	128
8117	3445	128
8137	220	128
8140	733	129
8150	251	129
8170	3241	129
8229	1046	130
8239	4015	130
8249	4982	130
8299	3139	130
8309	3582	130
8324	1706	131
8334	280	131
8344	4090	131
8347	2534	132
8357	355	132
8387	4960	132
8397	196	132
8407	4540	132
8455	269	133
8465	1636	133
8498	5046	134
8522	3516	135
8532	3343	135
8542	5134	135
8552	5008	135
8569	5126	136
8576	364	136
8606	3919	136
8633	4882	137
8643	4451	137
8653	285	137
8688	3644	138
8708	226	138
8738	2295	138
8755	1294	139
8762	1343	139
8799	5279	140
8821	196	140
8826	3	141
8836	5300	141
8846	4987	141
8866	3883	141
8875	5114	142
8885	4266	142
8906	5335	143
8927	4165	143
8977	5005	144
9023	1514	145
9053	4422	145
9063	220	145
9082	5147	146
9104	4900	146
7250	831	113
7258	3801	114
7265	1148	114
7275	4439	114
7295	3447	114
7305	467	114
7315	214	114
7347	2942	115
7377	1072	115
7387	2519	115
7430	4413	116
7440	1636	116
7460	1569	116
7462	2325	117
7482	2406	117
7492	330	117
7514	2375	118
7524	4571	118
7574	461	118
7598	3235	119
7629	602	119
7650	893	120
7680	166	120
7690	1106	120
7708	4683	121
7718	3283	121
7738	4702	121
7760	2991	122
7770	3075	122
7810	4745	123
7820	4593	123
7840	826	123
7855	2936	124
7896	3881	124
7906	2270	124
7914	11	125
7924	1474	125
7944	4816	125
7954	2685	125
7974	4837	125
7983	4806	126
8025	680	126
8050	846	127
8088	1142	128
8109	114	128
8119	3650	128
8146	352	129
8158	64	129
8168	4945	129
8198	1135	129
8208	3608	129
8222	2303	130
8232	4007	130
8261	4987	130
8271	4991	130
8281	467	130
8291	4424	130
8313	4716	131
8333	169	131
8343	220	131
8354	4933	132
8361	592	132
8371	1706	132
8401	4709	132
8488	223	133
8501	154	134
8513	3794	135
8523	592	135
8533	210	135
8543	2286	135
8567	5125	136
8579	4520	136
8589	5134	136
8617	306	137
8638	4823	137
8648	495	137
8658	1039	137
8693	2887	138
8759	3069	139
8779	4172	139
8792	397	140
8802	1343	140
8832	5297	141
8844	4112	141
8892	3445	142
8916	5341	143
8936	182	143
8953	3773	144
8961	4775	144
8994	947	145
7251	2534	114
7261	4432	114
7271	553	114
7291	1634	114
7311	196	114
7321	4089	114
7341	4345	115
7371	1636	115
7381	280	115
7408	1256	116
7428	3252	116
7458	4540	116
7471	1743	117
7481	119	117
7501	4090	117
7521	3992	118
7531	64	118
7551	4593	118
7561	2610	118
7593	590	119
7603	259	119
7623	159	119
7633	288	119
7644	3133	120
7654	1343	120
7664	119	120
7674	268	120
7684	278	120
7694	224	120
7713	1784	121
7733	268	121
7743	2114	121
7753	224	121
7777	4727	122
7805	3967	123
7825	4703	123
7835	3976	123
7845	4713	123
7865	4770	124
7905	2417	124
7915	19	125
7955	812	125
7965	4831	125
7975	2028	125
7977	1815	126
7997	1343	126
8007	662	126
8017	814	126
8027	179	126
8058	1706	127
8068	4891	127
8078	214	127
8085	1180	128
8135	4927	128
8148	353	129
8166	4347	129
8176	106	129
8206	182	129
8216	214	129
8231	401	130
8242	4945	130
8252	4399	130
8262	134	130
8282	3607	130
8317	1338	131
8327	5019	131
8337	3609	131
8350	2935	132
8370	4520	132
8390	330	132
8424	40	133
8444	1880	133
8454	1634	133
8474	530	133
8484	5008	133
8520	5126	135
8531	97	135
8541	5133	135
8566	5144	136
8588	5133	136
8598	501	136
8608	4614	136
8630	4948	137
8640	268	137
8661	733	138
8671	2475	138
8681	109	138
8741	226	138
8752	5255	139
8764	260	139
8784	1106	139
8795	1936	140
8815	1949	140
8841	5302	141
8861	3898	141
8908	1734	143
8938	869	143
8969	268	144
9005	352	145
9015	3316	145
9075	5318	145
7262	4433	114
7272	647	114
7292	4031	114
7322	1805	114
7332	305	115
7390	220	115
7425	3939	116
7435	2637	116
7445	1802	116
7476	256	117
7512	396	118
7539	4584	118
7559	3785	118
7579	196	118
7607	4265	119
7645	3462	120
7695	2963	120
7705	237	120
7711	4255	121
7767	1192	122
7776	268	122
7824	268	123
7834	1168	123
7844	4712	123
7870	4009	124
7880	413	124
7890	4785	124
7900	195	124
7910	938	124
7927	47	125
7937	1563	125
7989	4846	126
8029	2017	126
8056	4745	127
8076	869	127
8101	68	128
8145	4933	129
8167	75	129
8177	3556	129
8187	2685	129
8197	157	129
8207	1137	129
8217	430	129
8224	3500	130
8236	2156	130
8256	4110	130
8266	147	130
8296	3883	130
8306	220	130
8330	154	131
8348	4644	132
8358	1256	132
8368	97	132
8388	3571	132
8423	1783	133
8433	3809	133
8453	5088	133
8463	463	133
8473	4997	133
8497	3555	134
8507	220	134
8518	3333	135
8530	364	135
8550	3032	135
8560	5142	136
8580	800	136
8590	5157	136
8615	3794	137
8635	3512	137
8667	5196	138
8729	1265	138
8750	1475	139
8773	330	139
8783	2892	139
8824	224	140
8845	5303	141
8855	5307	141
8865	726	141
8877	1294	142
8887	1056	142
8901	5331	143
8921	1706	143
8951	1734	144
8974	4786	144
9000	3333	145
9010	1343	145
9020	4152	145
9040	268	145
9070	3202	145
9079	303	146
9089	154	146
9112	88	147
9123	154	147
7253	2303	114
7273	1053	114
7313	1550	114
7394	829	115
7404	2908	116
7441	2500	116
7487	1381	117
7518	26	118
7538	1236	118
7548	323	118
7558	815	118
7578	195	118
7625	4370	119
7642	1930	120
7725	2366	121
7735	4700	121
7745	2753	121
7755	4713	121
7774	2685	122
7792	888	123
7802	1343	123
7812	800	123
7832	1313	123
7849	3458	124
7869	106	124
7879	2412	124
7899	1266	124
7932	4810	125
7942	1878	125
7962	154	125
7972	220	125
8016	4826	126
8036	220	126
8065	3360	127
8086	3539	128
8136	4928	128
8144	511	129
8154	1012	129
8193	3360	129
8225	2126	130
8257	3643	130
8277	2131	130
8287	1439	130
8297	195	130
8341	869	131
8362	1696	132
8392	4420	132
8449	2286	133
8459	153	133
8492	24	134
8519	3308	135
8529	3636	135
8539	127	135
8549	196	135
8561	3959	136
8571	5147	136
8591	5158	136
8611	220	136
8631	1415	137
8651	1574	137
8685	1514	138
8695	137	138
8705	2499	138
8745	2820	138
8748	5254	139
8778	767	139
8801	1940	140
8810	1301	140
8827	4797	141
8837	88	141
8847	4413	141
8891	1304	142
8905	4800	143
8915	67	143
8935	819	143
8945	1277	143
8952	4343	144
8975	4790	144
9002	2361	145
9012	3966	145
9022	119	145
7254	3794	114
7264	4434	114
7284	2312	114
7294	268	114
7304	466	114
7314	2417	114
7331	3342	115
7343	2704	115
7353	4265	115
7373	2113	115
7383	4498	115
7393	236	115
7397	1815	116
7407	3069	116
7427	666	116
7465	733	117
7475	748	117
7495	196	117
7506	4383	118
7516	2144	118
7566	864	118
7576	1745	118
7586	4614	118
7620	1426	119
7639	4644	120
7679	3051	120
7712	3854	121
7732	1251	121
7742	4706	121
7759	4716	122
7779	3426	122
7821	4700	123
7831	765	123
7841	827	123
7858	1140	124
7878	3146	124
7888	495	124
7898	4790	124
7913	4797	125
7923	4806	125
7943	317	125
7953	4823	125
7973	224	125
8021	158	126
8031	2191	126
8049	4881	127
8059	4885	127
8093	1140	128
8103	2477	128
8123	330	128
8133	196	128
8152	4434	129
8172	2254	129
8182	262	129
8192	268	129
8212	2025	129
8220	3702	130
8230	305	130
8240	3281	130
8260	4400	130
8270	268	130
8280	466	130
8290	2576	130
8300	3152	130
8310	430	130
8321	2254	131
8329	268	131
8353	883	132
8375	4885	132
8405	221	132
8432	64	133
8493	5114	134
8503	1636	134
8528	88	135
8548	532	135
8558	829	135
8563	1817	136
8573	1343	136
8603	1033	136
8616	1393	137
8626	64	137
8636	106	137
8646	463	137
8687	5084	138
8707	1338	138
8727	1033	138
8737	1267	138
8756	4187	139
8776	765	139
8786	3921	139
8797	4470	140
8807	4479	140
8817	1893	140
8839	1566	141
8849	266	141
8859	1069	141
8876	5320	142
8886	1055	142
8896	2509	142
8958	4054	144
9041	3048	145
7255	1113	114
7277	2308	114
7297	4450	114
7362	2948	115
7382	182	115
7392	4504	115
7401	2867	116
7433	2685	116
7453	1446	116
7464	735	117
7507	4562	118
7517	3963	118
7577	3899	118
7587	237	118
7591	11	119
7601	596	119
7631	1644	119
7638	2929	120
7668	3822	120
7678	817	120
7736	814	121
7746	767	121
7763	2995	122
7789	4684	123
7796	1048	123
7806	647	123
7816	3644	123
7826	4753	123
7836	4420	123
7846	4090	123
7852	303	124
7872	2263	124
7882	3650	124
7892	280	124
7930	1745	125
7940	95	125
7950	1243	125
7985	1474	126
7993	64	126
8003	2402	126
8013	3418	126
8033	4837	126
8042	1113	127
8052	3810	127
8072	4895	127
8082	4900	127
8091	1867	128
8118	4861	128
8128	1261	128
8138	224	128
8159	1343	129
8189	2184	129
8209	532	129
8223	2144	130
8245	553	130
8255	4985	130
8265	2947	130
8305	5010	130
8318	64	131
8338	196	131
8364	1343	132
8384	2685	132
8394	3090	132
8404	214	132
8414	1284	133
8446	803	133
8495	3773	134
8505	330	134
8535	3344	135
8555	220	135
8565	742	136
8577	5149	136
8597	330	136
8629	5180	137
8649	2292	137
8659	235	137
8674	1343	138
8684	119	138
8734	1958	138
8744	431	138
8747	2241	139
8757	4188	139
8798	1140	140
8833	3331	141
8870	220	141
8914	4048	143
8934	2224	143
8944	236	143
8955	1696	144
8963	263	144
8973	4785	144
9026	5407	145
9066	1039	145
9077	733	146
9097	196	146
7268	4047	114
7278	1706	114
7288	525	114
7298	4451	114
7318	2270	114
7369	1381	115
7414	1343	116
7444	2457	116
7463	1555	117
7473	3069	117
7483	2685	117
7503	3667	117
7505	4381	118
7515	2466	118
7535	4581	118
7575	768	118
7592	26	119
7602	106	119
7637	2865	120
7657	2397	120
7667	3821	120
7677	4665	120
7687	1548	120
7720	1921	121
7750	1644	121
7758	3986	122
7778	4728	122
7783	2929	123
7793	2152	123
7823	3646	123
7843	224	123
7863	4769	124
7971	196	125
7980	2039	126
7990	4810	126
8010	2685	126
8030	1268	126
8089	2936	128
8100	2873	128
8110	2942	128
8120	154	128
8143	4932	129
8153	1821	129
8174	4948	129
8184	373	129
8194	4960	129
8204	983	129
8214	288	129
8227	24	130
8234	4432	130
8244	91	130
8254	3969	130
8264	1421	130
8274	495	130
8284	3293	130
8315	54	131
8325	3140	131
8345	5026	131
8349	3500	132
8410	582	133
8430	5072	133
8460	154	133
8506	726	134
8524	5072	135
8534	3162	135
8544	2916	135
8574	2332	136
8584	3043	136
8594	3051	136
8604	4137	136
8618	1474	137
8647	161	137
8666	1290	138
8676	851	138
8706	4960	138
8716	2980	138
8751	888	139
8785	3920	139
8803	5281	140
8830	3181	141
8842	1055	141
8852	3418	141
8862	1070	141
8880	2306	142
8890	5326	142
8900	5318	142
8943	224	143
8960	1706	144
8970	3147	144
8980	224	144
8987	4644	145
8999	5391	145
9049	2511	145
9078	1506	146
7257	305	114
7279	119	114
7299	2542	114
7309	1265	114
7319	220	114
7336	1140	115
7355	119	115
7375	765	115
7385	1366	115
7395	3178	115
7405	3108	116
7422	4520	116
7432	3874	116
7442	166	116
7480	3816	117
7490	4553	117
7500	236	117
7550	3146	118
7560	4417	118
7594	788	119
7604	1706	119
7624	2609	119
7634	224	119
7656	88	120
7676	1893	120
7686	179	120
7707	2929	121
7727	4695	121
7757	4715	121
7762	1283	122
7787	4683	123
7799	4047	123
7809	4690	123
7829	1069	123
7839	220	123
7864	1343	124
7874	4775	124
7884	3755	124
7916	4800	125
7926	4808	125
7936	64	125
7956	268	125
7986	4808	126
7994	1872	126
8014	4862	126
8047	2388	127
8054	491	127
8074	4299	127
8092	4470	128
8102	1343	128
8151	1047	129
8171	2941	129
8226	3305	130
8253	106	130
8263	4162	130
8273	4371	130
8283	4997	130
8303	5008	130
8320	5017	131
8332	170	131
8342	1777	131
8346	1856	132
8356	3773	132
8366	5017	132
8386	268	132
8396	2074	132
8406	224	132
8451	669	133
8461	4067	133
8471	4786	133
8481	3883	133
8508	826	134
8516	5125	135
8526	5129	135
8546	765	135
8562	4644	136
8572	5129	136
8592	268	136
8612	826	136
8620	1783	137
8642	154	137
8652	4373	137
8754	1623	139
8771	268	139
8781	4173	139
8791	2680	139
8806	2942	140
8831	3962	141
8843	1056	141
8853	154	141
8863	1072	141
8873	5318	141
8878	5300	142
8888	2712	142
8898	3898	142
8910	311	143
8920	260	143
8930	4450	143
8946	4199	144
8956	1343	144
8976	4137	144
8989	2929	145
9037	134	145
9081	47	146
9091	3324	146
7270	1343	114
7280	3911	114
7300	4452	114
7310	195	114
7320	224	114
7335	4470	115
7356	4157	115
7376	1070	115
7396	1002	116
7416	363	116
7426	904	116
7446	2574	116
7456	1367	116
7479	518	117
7489	1636	117
7499	4559	117
7543	106	118
7553	2685	118
7573	501	118
7597	2389	119
7618	268	119
7628	330	119
7652	2874	120
7672	2883	120
7682	1069	120
7724	2364	121
7734	3447	121
7744	330	121
7754	4712	121
7781	2137	122
7808	4353	123
7818	4695	123
7828	4706	123
7848	4715	123
7861	1117	124
7891	4786	124
7901	1550	124
7920	400	125
7928	2938	125
8018	4831	126
8038	224	126
8043	3333	127
8053	4882	127
8063	1200	127
8073	4137	127
8094	2388	128
8104	2875	128
8114	493	128
8134	1107	128
8215	4928	129
8218	3960	130
8228	303	130
8238	4769	130
8258	116	130
8288	4132	130
8298	5005	130
8308	424	130
8316	3773	131
8326	715	131
8383	5046	132
8393	765	132
8403	869	132
8415	2993	133
8437	1376	133
8447	5084	133
8457	4991	133
8487	220	133
8504	329	134
8527	1343	135
8537	3043	135
8556	224	135
8634	454	137
8654	201	137
8760	5259	139
8780	1313	139
8809	123	140
8819	2672	140
8838	2398	141
8848	2887	141
8882	4581	142
8894	268	142
8972	817	144
9008	64	145
9018	4520	145
9028	3644	145
9048	765	145
9083	1343	146
9095	190	146
9103	5461	146
9107	5335	147
9117	3752	147
9127	4081	147
9157	1343	148
9167	1304	148
9219	1294	150
9229	1343	150
9249	134	150
9259	4831	150
9269	1165	150
9279	5538	150
9289	421	150
9302	5463	151
9323	528	151
9334	1734	152
9344	330	152
9354	236	152
9371	4702	153
9387	2153	154
9422	1802	154
9432	237	154
9446	5259	155
9464	3029	155
9477	4581	156
9485	3417	156
9503	2388	157
9533	1644	157
9547	4769	158
9567	5678	158
9585	54	159
9592	4982	159
9612	1893	159
9622	530	159
9633	358	160
9694	2685	161
9704	3883	161
9714	5641	161
9721	1283	162
9732	3069	162
9742	3163	162
9772	4540	162
9795	58	163
9825	2511	163
9851	352	164
9869	1070	164
9880	733	165
9900	64	165
9920	267	165
9930	2672	165
9938	5142	166
9948	4571	166
9958	3522	166
9968	2161	166
9988	3445	166
9998	5885	166
10008	3787	166
10039	1369	167
10079	5747	167
10108	2197	168
10160	97	169
10190	2519	169
10215	3069	170
10225	119	170
10245	1106	170
10255	5862	171
10267	1343	171
10297	3122	171
10353	5616	172
10374	2935	173
10424	1872	174
10464	1634	174
10474	3324	174
10484	1069	174
10494	383	174
10526	6020	175
10546	566	175
10566	237	175
10571	3702	176
10601	3003	176
10651	330	176
10681	4090	176
9088	268	146
9116	5467	147
9126	571	147
9146	3699	147
9153	5303	148
9165	5491	148
9181	2236	149
9201	991	149
9206	776	150
9216	2150	150
9226	1148	150
9246	129	150
9266	4753	150
9276	5537	150
9286	5540	150
9296	3667	150
9298	11	151
9308	88	151
9318	268	151
9328	220	151
9345	726	152
9374	1636	153
9384	1867	154
9394	88	154
9424	196	154
9434	829	154
9480	4520	156
9520	5655	157
9530	203	157
9549	2477	158
9559	5673	158
9588	64	159
9598	1096	159
9658	173	160
9675	10	161
9716	3624	162
9766	5538	162
9776	2358	162
9791	888	163
9798	592	163
9808	3596	163
9838	2522	163
9860	1880	164
9870	1072	164
9902	5839	165
9912	3403	165
9922	154	165
9962	1144	166
9992	149	166
10012	196	166
10022	430	166
10077	5655	167
10087	981	167
10120	5281	168
10140	3293	168
10155	3522	169
10195	428	169
10201	2929	170
10211	1933	170
10241	182	170
10257	2908	171
10264	1696	171
10284	2286	171
10304	196	171
10314	237	171
10352	5491	172
10362	571	172
10389	154	173
10408	2150	174
10476	720	174
10486	461	174
10513	3962	175
10523	5862	175
10553	330	175
10603	5341	176
10623	3043	176
10633	1421	176
10663	5538	176
10683	1109	176
9109	5463	147
9119	5468	147
9129	1073	147
9162	1514	148
9172	154	148
9185	1343	149
9195	268	149
9210	4391	150
9240	1706	150
9260	157	150
9270	2808	150
9280	3883	150
9290	220	150
9300	1283	151
9330	1805	151
9341	5468	152
9367	1514	153
9377	2519	153
9389	2388	154
9396	5180	154
9445	4188	155
9453	5157	155
9476	88	156
9488	765	156
9504	2827	157
9525	726	157
9535	220	157
9544	1338	158
9556	110	158
9566	4371	158
9576	613	158
9584	1230	159
9605	134	159
9625	228	159
9650	5589	160
9670	4090	160
9682	3070	161
9690	1631	161
9710	3298	161
9740	1673	162
9750	1381	162
9760	1070	162
9770	2295	162
9782	9	163
9792	1623	163
9802	4149	163
9822	765	163
9832	5801	163
9906	647	165
9966	748	166
9976	3344	166
9996	1636	166
10006	1033	166
10028	482	167
10040	37	167
10052	90	167
10082	2315	167
10092	1172	167
10123	112	168
10133	413	168
10146	245	169
10156	79	169
10166	1706	169
10176	2349	169
10205	26	170
10212	2701	170
10232	5927	170
10269	88	171
10289	268	171
10299	1261	171
10309	219	171
10331	1343	172
10341	4266	172
10361	1951	172
10382	64	173
10392	330	173
10427	5839	174
10447	1706	174
10477	4553	174
10487	3293	174
10520	6014	175
10547	3975	175
10557	176	175
10567	5318	175
10607	4261	176
10617	110	176
10637	1520	176
10647	163	176
10657	1313	176
10667	196	176
9101	224	146
9134	1366	147
9144	4540	147
9151	5320	148
9161	2712	148
9171	716	148
9184	4881	149
9208	5254	150
9218	955	150
9238	4985	150
9248	667	150
9258	815	150
9278	182	150
9312	4520	151
9322	4553	151
9336	3069	152
9346	5528	152
9361	64	153
9385	3277	154
9395	90	154
9435	430	154
9457	330	155
9475	1343	156
9497	2298	156
9524	3898	157
9554	2307	158
9564	154	158
9574	236	158
9577	733	159
9587	891	159
9597	1095	159
9607	268	159
9627	237	159
9635	5615	160
9655	5721	160
9665	5010	160
9679	5255	161
9701	5747	161
9711	220	161
9715	733	162
9725	3964	162
9735	3966	162
9745	4162	162
9775	3535	162
9797	1256	163
9807	4520	163
9817	5793	163
9837	1323	163
9866	268	164
9876	2519	164
9905	1150	165
9915	1095	165
9937	1815	166
9947	3992	166
9977	519	166
9997	2113	166
10007	682	166
10017	868	166
10023	838	167
10033	5297	167
10073	3322	167
10083	920	167
10109	2906	168
10153	1046	169
10174	3650	169
10184	1492	169
10194	829	169
10216	64	170
10226	1348	170
10236	5885	170
10272	3343	171
10292	3048	171
10312	6046	171
10354	5742	172
10376	2242	173
10388	268	173
10469	912	174
10479	4074	174
10489	179	174
10522	3333	175
10542	5407	175
10552	415	175
10589	3464	176
10599	1696	176
10609	2941	176
10629	127	176
10649	3726	176
10679	4540	176
9110	1734	147
9120	2685	147
9130	2672	147
9156	83	148
9196	1636	149
9233	3005	150
9273	3835	150
9283	3377	150
9304	1785	151
9325	726	151
9332	5546	152
9342	1135	152
9352	196	152
9390	1560	154
9410	2685	154
9451	5616	155
9511	800	157
9521	4452	157
9540	544	158
9570	2781	158
9590	1343	159
9610	154	159
9632	36	160
9662	196	160
9672	5026	160
9681	1872	161
9689	2883	161
9699	4451	161
9724	3333	162
9744	5491	162
9800	86	163
9810	1889	163
9830	5800	163
9840	4090	163
9857	1051	164
9877	1688	164
9897	54	165
9944	1730	166
9950	3333	166
9960	1931	166
9980	4110	166
10000	464	166
10010	2892	166
10026	4797	167
10066	3351	167
10076	4960	167
10096	1850	167
10106	939	167
10134	268	168
10144	771	168
10148	5331	169
10158	4260	169
10168	5883	169
10178	2610	169
10188	2576	169
10206	1042	170
10223	1706	170
10233	4665	170
10250	3302	171
10270	91	171
10280	119	171
10290	154	171
10300	2017	171
10320	1814	172
10423	2622	174
10453	3412	174
10473	159	174
10514	3963	175
10524	1623	175
10534	97	175
10592	1294	176
10602	1089	176
10612	851	176
10622	1514	176
10632	134	176
10652	1069	176
10682	428	176
9108	2719	147
9118	134	147
9168	5326	148
9183	544	149
9203	826	149
9207	2302	150
9227	3069	150
9237	4948	150
9257	268	150
9277	3030	150
9303	5547	151
9314	1518	151
9324	330	151
9333	3308	152
9343	4081	152
9353	220	152
9355	544	153
9381	1728	154
9411	2129	154
9429	1688	154
9472	3333	156
9482	5467	156
9502	1474	157
9512	5046	157
9532	687	157
9538	2929	158
9548	64	158
9558	119	158
9568	601	158
9591	2477	159
9634	2622	160
9703	283	161
9713	426	161
9729	1745	162
9749	154	162
9779	3202	162
9786	3181	163
9806	109	163
9836	5803	163
9855	1343	164
9865	3291	164
9899	1746	165
9909	851	165
9951	5862	166
9961	5756	166
9981	800	166
9991	3322	166
10011	195	166
10021	237	166
10042	44	167
10051	4770	167
10061	597	167
10081	4078	167
10154	305	169
10181	1636	169
10229	1352	170
10261	6020	171
10291	1493	171
10301	3375	171
10311	5543	171
10329	5300	172
10339	4265	172
10359	4273	172
10369	5318	172
10387	5407	173
10397	203	173
10472	814	174
10482	4152	174
10492	4137	174
10502	288	174
10517	5708	175
10528	551	175
10548	154	175
10570	2653	176
10580	544	176
10590	888	176
10600	64	176
10610	97	176
10640	4727	176
10650	169	176
10660	1261	176
10670	5540	176
10680	236	176
9111	64	147
9122	4327	147
9132	182	147
9142	5010	147
9173	571	148
9197	2113	149
9212	2935	150
9241	1373	150
9251	5019	150
9271	330	150
9281	3152	150
9291	5543	150
9299	482	151
9319	5556	151
9329	4029	151
9338	3070	152
9349	1426	152
9360	3108	153
9397	5281	154
9421	1801	154
9431	2298	154
9442	352	155
9452	4593	155
9471	1074	156
9481	1627	156
9499	5641	157
9563	4217	158
9582	2934	159
9613	2011	159
9623	214	159
9653	268	160
9686	1880	161
9696	716	161
9717	3963	162
9727	3108	162
9737	1921	162
9747	268	162
9757	330	162
9777	4559	162
9787	2719	163
9799	748	163
9809	1627	163
9819	330	163
9829	5725	163
9839	5731	163
9861	1673	164
9921	3445	165
9943	5144	166
9995	2610	166
10015	1644	166
10024	4562	167
10064	458	167
10084	2889	167
10104	938	167
10111	2152	168
10121	3443	168
10159	3555	169
10179	818	169
10230	268	170
10240	2672	170
10268	2477	171
10278	116	171
10325	5255	172
10335	108	172
10345	119	172
10383	1343	173
10435	645	174
10465	1200	174
10495	1550	174
10525	5300	175
10535	5551	175
10545	1157	175
10555	3976	175
10565	6046	175
10596	3002	176
10606	1343	176
10616	318	176
10636	268	176
10646	1636	176
10656	767	176
10666	5800	176
10676	5803	176
10686	5461	176
9115	97	147
9154	5196	148
9176	203	148
9187	4882	149
9199	1802	149
9221	5279	150
9232	95	150
9242	4112	150
9272	765	150
9282	4927	150
9292	426	150
9301	5546	151
9311	5551	151
9331	4504	151
9339	1343	152
9358	352	153
9388	2938	154
9409	565	154
9417	4371	154
9427	288	154
9448	1343	155
9458	765	155
9468	5318	155
9474	1623	156
9494	3198	156
9517	268	157
9537	4305	157
9543	2388	158
9555	3745	158
9586	3773	159
9596	1094	159
9606	2286	159
9631	3333	160
9651	524	160
9661	5725	160
9671	430	160
9680	706	161
9692	5742	161
9702	726	161
9712	425	161
9728	5756	162
9738	260	162
9748	153	162
9758	3898	162
9778	236	162
9789	1074	163
9801	1343	163
9831	196	163
9841	244	163
9842	733	164
9852	592	164
9862	4439	164
9887	2197	165
9894	1734	165
9904	1092	165
9914	4584	165
9924	4753	165
9942	3963	166
9963	3002	166
9973	1376	166
9983	119	166
9993	157	166
10058	114	167
10068	715	167
10078	5721	167
10107	1368	168
10117	1343	168
10173	2215	169
10183	5678	169
10193	2358	169
10207	3541	170
10234	159	170
10244	4895	170
10253	6014	171
10273	3344	171
10346	4157	172
10379	355	173
10386	106	173
10396	532	173
10407	305	174
10430	1343	174
10440	106	174
10470	154	174
10510	295	174
10518	840	175
10529	1343	175
10549	1951	175
10559	182	175
10588	401	176
10598	846	176
10608	364	176
10648	5793	176
10658	2511	176
10668	5801	176
9121	2286	147
9131	530	147
9159	5302	148
9188	114	149
9200	2753	149
9205	733	150
9225	4846	150
9255	5528	150
9265	4891	150
9285	1447	150
9295	4090	150
9307	1343	151
9348	4450	152
9363	1343	153
9383	4284	154
9403	5589	154
9433	3154	154
9466	237	155
9486	268	156
9496	237	156
9541	26	158
9571	1644	158
9589	1989	159
9599	318	159
9629	5708	160
9639	4260	160
9649	119	160
9669	5731	160
9678	1933	161
9708	3095	161
9743	1061	162
9753	5767	162
9763	3029	162
9773	1367	162
9794	1294	163
9814	268	163
9824	2680	163
9834	3921	163
9858	106	164
9868	166	164
9893	400	165
9903	1343	165
9923	5655	165
9933	991	165
9941	3962	166
9974	5149	166
9984	3560	166
9994	3826	166
10029	3794	167
10050	1343	167
10060	1706	167
10070	4023	167
10080	4553	167
10100	826	167
10122	259	168
10132	3445	168
10151	1372	169
10172	1634	169
10182	4728	169
10227	127	170
10247	4540	170
10265	64	171
10285	140	171
10315	430	171
10326	2306	172
10336	2708	172
10347	1514	172
10357	4862	172
10371	1689	173
10381	1696	173
10391	5767	173
10421	3341	174
10431	553	174
10451	3871	174
10461	2263	174
10471	1256	174
10521	5391	175
10531	88	175
10541	119	175
10577	2300	176
10585	4932	176
10595	1743	176
10605	86	176
10635	671	176
10645	5307	176
10655	765	176
10665	5472	176
10685	244	176
9133	5472	147
9160	119	148
9170	3291	148
9180	220	148
9182	1817	149
9202	214	149
9214	2589	150
9224	5147	150
9234	2874	150
9244	373	150
9254	5158	150
9274	767	150
9294	239	150
9306	82	151
9326	4498	151
9347	5556	152
9356	2144	153
9382	733	154
9402	1706	154
9412	5528	154
9430	236	154
9449	5615	155
9473	3308	156
9483	119	156
9518	154	157
9528	1076	157
9572	2925	158
9594	1880	159
9624	220	159
9637	88	160
9647	1706	160
9657	765	160
9697	154	161
9707	1644	161
9720	3213	162
9761	1072	162
9781	430	162
9793	5547	163
9803	97	163
9813	2286	163
9823	2509	163
9833	3732	163
9863	1888	164
9873	196	164
9939	2865	166
9949	5391	166
9969	1343	166
9989	5883	166
9999	495	166
10009	1444	166
10019	224	166
10055	518	167
10075	5927	167
10085	330	167
10125	2793	168
10135	157	168
10145	5641	168
10147	4562	169
10157	2874	169
10167	1026	169
10177	157	169
10208	2935	170
10228	134	170
10254	3333	171
10286	5088	171
10296	330	171
10338	2710	172
10358	5326	172
10378	3308	173
10390	3048	173
10438	519	174
10478	3364	174
10488	5537	174
10508	428	174
10519	2719	175
10550	1426	175
10560	3731	175
10584	4543	176
10594	1621	176
10604	1824	176
10614	4399	176
10624	5673	176
10644	4960	176
10674	1644	176
\.


--
-- Name: episode_tags_id_seq; Type: SEQUENCE SET; Schema: public; Owner: danielfinlay
--

SELECT pg_catalog.setval('episode_tags_id_seq', 10686, true);


--
-- Data for Name: episodes; Type: TABLE DATA; Schema: public; Owner: danielfinlay
--

COPY episodes (id, num, title, url, airdate, prodno, stardate) FROM stdin;
1	1x01/02	Encounter at Farpoint	/wiki/Encounter_at_Farpoint_(episode)	1987-09-28	41153.7	41153.7
2	1x03	The Naked Now	/wiki/The_Naked_Now_(episode)	1987-10-05	41209.2	41209.2
3	1x04	Code of Honor	/wiki/Code_of_Honor_(episode)	1987-10-12	41235.25	41235.25
4	1x05	The Last Outpost	/wiki/The_Last_Outpost_(episode)	1987-10-19	41386.4	41386.4
5	1x06	Where No One Has Gone Before	/wiki/Where_No_One_Has_Gone_Before_(episode)	1987-10-26	41263.1	41263.1
6	1x07	Lonely Among Us	/wiki/Lonely_Among_Us_(episode)	1987-11-02	41249.3	41249.3
7	1x08	Justice	/wiki/Justice_(episode)	1987-11-09	41255.6	41255.6
8	1x09	The Battle	/wiki/The_Battle_(episode)	1987-11-16	41723.9	41723.9
9	1x10	Hide and Q	/wiki/Hide_and_Q_(episode)	1987-11-23	41590.5	41590.5
10	1x11	Haven	/wiki/Haven_(episode)	1987-11-30	41294.5	41294.5
11	1x12	The Big Goodbye	/wiki/The_Big_Goodbye_(episode)	1988-01-11	41997.7	41997.7
12	1x13	Datalore	/wiki/Datalore_(episode)	1988-01-18	41242.4	41242.4
13	1x14	Angel One	/wiki/Angel_One_(episode)	1988-01-25	41636.9	41636.9
14	1x15	11001001	/wiki/11001001_(episode)	1988-02-01	41365.9	41365.9
15	1x16	Too Short a Season	/wiki/Too_Short_a_Season_(episode)	1988-02-08	41309.5	41309.5
16	1x17	When The Bough Breaks	/wiki/When_The_Bough_Breaks_(episode)	1988-02-15	41509.1	41509.1
17	1x18	Home Soil	/wiki/Home_Soil_(episode)	1988-02-22	41463.9	41463.9
18	1x19	Coming of Age	/wiki/Coming_of_Age_(episode)	1988-03-14	41461.2	41461.2
19	1x20	Heart of Glory	/wiki/Heart_of_Glory_(episode)	1988-03-21	41503.7	41503.7
20	1x21	The Arsenal of Freedom	/wiki/The_Arsenal_of_Freedom_(episode)	1988-04-11	41798.2	41798.2
21	1x22	Symbiosis	/wiki/Symbiosis_(episode)	1988-04-18	Unknown	Unknown
22	1x23	Skin of Evil	/wiki/Skin_of_Evil_(episode)	1988-04-25	41601.3	41601.3
23	1x24	We'll Always Have Paris	/wiki/We%27ll_Always_Have_Paris_(episode)	1988-05-02	41697.9	41697.9
24	1x25	Conspiracy	/wiki/Conspiracy_(episode)	1988-05-09	41775.5	41775.5
25	1x26	The Neutral Zone	/wiki/The_Neutral_Zone_(episode)	1988-05-16	41986.0	41986.0
26	2x01	The Child	/wiki/The_Child_(episode)	1988-11-21	42073.1	42073.1
27	2x02	Where Silence Has Lease	/wiki/Where_Silence_Has_Lease_(episode)	1988-11-28	42193.6	42193.6
28	2x03	Elementary, Dear Data	/wiki/Elementary,_Dear_Data_(episode)	1988-12-05	42286.3	42286.3
29	2x04	The Outrageous Okona	/wiki/The_Outrageous_Okona_(episode)	1988-12-12	42402.7	42402.7
30	2x05	Loud As A Whisper	/wiki/Loud_As_A_Whisper_(episode)	1989-01-09	42477.2	42477.2
31	2x06	The Schizoid Man	/wiki/The_Schizoid_Man_(episode)	1989-01-23	42437.5	42437.5
32	2x07	Unnatural Selection	/wiki/Unnatural_Selection_(episode)	1989-01-30	42494.8	42494.8
33	2x08	A Matter Of Honor	/wiki/A_Matter_Of_Honor_(episode)	1989-02-06	42506.5	42506.5
34	2x09	The Measure Of A Man	/wiki/The_Measure_Of_A_Man_(episode)	1989-02-13	42523.7	42523.7
35	2x10	The Dauphin	/wiki/The_Dauphin_(episode)	1989-02-20	42568.8	42568.8
36	2x11	Contagion	/wiki/Contagion_(episode)	1989-03-20	42609.1	42609.1
37	2x12	The Royale	/wiki/The_Royale_(episode)	1989-03-27	42625.4	42625.4
38	2x13	Time Squared	/wiki/Time_Squared_(episode)	1989-04-03	42679.2	42679.2
39	2x14	The Icarus Factor	/wiki/The_Icarus_Factor_(episode)	1989-04-24	42686.4	42686.4
40	2x15	Pen Pals	/wiki/Pen_Pals_(episode)	1989-05-01	42695.3	42695.3
41	2x16	Q Who	/wiki/Q_Who_(episode)	1989-05-08	42761.3	42761.3
42	2x17	Samaritan Snare	/wiki/Samaritan_Snare_(episode)	1989-05-15	42779.1	42779.1
43	2x18	Up The Long Ladder	/wiki/Up_The_Long_Ladder_(episode)	1989-05-22	42823.2	42823.2
44	2x19	Manhunt	/wiki/Manhunt_(episode)	1989-06-19	42859.2	42859.2
45	2x20	The Emissary	/wiki/The_Emissary_(episode)	1989-06-29	42901.3	42901.3
46	2x21	Peak Performance	/wiki/Peak_Performance_(episode)	1989-07-10	42923.4	42923.4
47	2x22	Shades of Gray	/wiki/Shades_of_Gray_(episode)	1989-07-17	42976.1	42976.1
48	3x01	Evolution	/wiki/Evolution_(episode)	1989-09-25	43125.8	43125.8
49	3x02	The Ensigns of Command	/wiki/The_Ensigns_of_Command_(episode)	1989-10-02	43133.3	43133.3
50	3x03	The Survivors	/wiki/The_Survivors_(episode)	1989-10-09	43152.4	43152.4
51	3x04	Who Watches The Watchers	/wiki/Who_Watches_The_Watchers_(episode)	1989-10-16	43173.5	43173.5
52	3x05	The Bonding	/wiki/The_Bonding_(episode)	1989-10-23	43198.7	43198.7
53	3x06	Booby Trap	/wiki/Booby_Trap_(episode)	1989-10-30	43205.6	43205.6
54	3x07	The Enemy	/wiki/The_Enemy_(episode)	1989-11-06	43349.2	43349.2
55	3x08	The Price	/wiki/The_Price_(episode)	1989-11-13	43385.6	43385.6
56	3x09	The Vengeance Factor	/wiki/The_Vengeance_Factor_(episode)	1989-11-20	43421.9	43421.9
57	3x10	The Defector	/wiki/The_Defector_(episode)	1990-01-01	43462.5	43462.5
58	3x11	The Hunted	/wiki/The_Hunted_(episode)	1990-01-08	43489.2	43489.2
59	3x12	The High Ground	/wiki/The_High_Ground_(episode)	1990-01-29	43510.7	43510.7
60	3x13	Deja Q	/wiki/Deja_Q_(episode)	1990-02-05	43539.1	43539.1
61	3x14	A Matter of Perspective	/wiki/A_Matter_of_Perspective_(episode)	1990-02-12	43610.4	43610.4
62	3x15	Yesterday's Enterprise	/wiki/Yesterday%27s_Enterprise_(episode)	1990-02-19	43625.2	43625.2
63	3x16	The Offspring	/wiki/The_Offspring_(episode)	1990-03-12	43657.0	43657.0
64	3x17	Sins of the Father	/wiki/Sins_of_the_Father_(episode)	1990-03-19	43685.2	43685.2
65	3x18	Allegiance	/wiki/Allegiance_(episode)	1990-03-26	43714.1	43714.1
66	3x19	Captain's Holiday	/wiki/Captain%27s_Holiday_(episode)	1990-04-02	43745.2	43745.2
67	3x20	Tin Man	/wiki/Tin_Man_(episode)	1990-04-23	43779.3	43779.3
68	3x21	Hollow Pursuits	/wiki/Hollow_Pursuits_(episode)	1990-04-30	43807.4	43807.4
69	3x22	The Most Toys	/wiki/The_Most_Toys_(episode)	1990-05-07	43872.2	43872.2
70	3x23	Sarek	/wiki/Sarek_(episode)	1990-05-14	43917.4	43917.4
71	3x24	Mnage  Troi	/wiki/M%C3%A9nage_%C3%A0_Troi_(episode)	1990-05-28	43930.7	43930.7
72	3x25	Transfigurations	/wiki/Transfigurations_(episode)	1990-06-04	43957.2	43957.2
73	3x26	The Best of Both Worlds	/wiki/The_Best_of_Both_Worlds_(episode)	1990-06-18	43989.1	43989.1
74	4x01	The Best of Both Worlds, Part II	/wiki/The_Best_of_Both_Worlds,_Part_II_(episode)	1990-09-24	44001.4	44001.4
75	4x02	Family	/wiki/Family_(episode)	1990-10-01	44012.3	44012.3
76	4x03	Brothers	/wiki/Brothers_(episode)	1990-10-08	44085.7	44085.7
78	4x05	Remember Me	/wiki/Remember_Me_(episode)	1990-10-22	44161.2	44161.2
80	4x07	Reunion	/wiki/Reunion_(episode)	1990-11-05	44246.3	44246.3
82	4x09	Final Mission	/wiki/Final_Mission_(episode)	1990-11-19	44307.3	44307.3
86	4x13	Devil's Due	/wiki/Devil%27s_Due_(episode)	1991-02-04	44474.5	44474.5
95	4x22	Half a Life	/wiki/Half_a_Life_(episode)	1991-05-06	44805.3	44805.3
96	4x23	The Host	/wiki/The_Host_(episode)	1991-05-13	44821.3	44821.3
101	5x02	Darmok	/wiki/Darmok_(episode)	1991-09-30	45047.2	45047.2
102	5x03	Ensign Ro	/wiki/Ensign_Ro_(episode)	1991-10-07	45076.3	45076.3
77	4x04	Suddenly Human	/wiki/Suddenly_Human_(episode)	1990-10-15	44143.7	44143.7
88	4x15	First Contact	/wiki/First_Contact_(episode)	1991-02-18	Unknown	Unknown
104	5x05	Disaster	/wiki/Disaster_(episode)	1991-10-21	45156.1	45156.1
110	5x11	Hero Worship	/wiki/Hero_Worship_(episode)	1992-01-27	45397.3	45397.3
79	4x06	Legacy	/wiki/Legacy_(episode)	1990-10-29	44215.2	44215.2
99	4x26	Redemption	/wiki/Redemption_(episode)	1991-06-17	44995.3	44995.3
81	4x08	Future Imperfect	/wiki/Future_Imperfect_(episode)	1990-11-12	44286.5	44286.5
92	4x19	The Nth Degree	/wiki/The_Nth_Degree_(episode)	1991-04-01	44704.2	44704.2
103	5x04	Silicon Avatar	/wiki/Silicon_Avatar_(episode)	1991-10-14	45122.3	45122.3
111	5x12	Violations	/wiki/Violations_(episode)	1992-02-03	45429.3	45429.3
83	4x10	The Loss	/wiki/The_Loss_(episode)	1990-12-31	44356.9	44356.9
85	4x12	The Wounded	/wiki/The_Wounded_(episode)	1991-01-28	44429.6	44429.6
87	4x14	Clues	/wiki/Clues_(episode)	1991-02-11	44502.7	44502.7
106	5x07	Unification I	/wiki/Unification_I_(episode)	1991-11-04	45236.4	45236.4
84	4x11	Data's Day	/wiki/Data%27s_Day_(episode)	1991-01-07	44390.1	44390.1
90	4x17	Night Terrors	/wiki/Night_Terrors_(episode)	1991-03-18	44631.2	44631.2
89	4x16	Galaxy's Child	/wiki/Galaxy%27s_Child_(episode)	1991-03-11	44614.6	44614.6
91	4x18	Identity Crisis	/wiki/Identity_Crisis_(episode)	1991-03-25	44664.5	44664.5
93	4x20	Qpid	/wiki/Qpid_(episode)	1991-04-22	44741.9	44741.9
98	4x25	In Theory	/wiki/In_Theory_(episode)	1991-06-03	44932.3	44932.3
100	5x01	Redemption II	/wiki/Redemption_II_(episode)	1991-09-23	45020.4	45020.4
109	5x10	New Ground	/wiki/New_Ground_(episode)	1992-01-06	45376.3	45376.3
94	4x21	The Drumhead	/wiki/The_Drumhead_(episode)	1991-04-29	44769.2	44769.2
97	4x24	The Mind's Eye	/wiki/The_Mind%27s_Eye_(episode)	1991-05-27	44885.5	44885.5
105	5x06	The Game	/wiki/The_Game_(episode)	1991-10-28	45208.2	45208.2
107	5x08	Unification II	/wiki/Unification_II_(episode)	1991-11-11	45245.8	45245.8
108	5x09	A Matter of Time	/wiki/A_Matter_of_Time_(episode)	1991-11-18	45349.1	45349.1
112	5x13	The Masterpiece Society	/wiki/The_Masterpiece_Society_(episode)	1992-02-10	45470.1	45470.1
113	5x14	Conundrum	/wiki/Conundrum_(episode)	1992-02-17	45494.2	45494.2
114	5x15	Power Play	/wiki/Power_Play_(episode)	1992-02-24	45571.2	45571.2
115	5x16	Ethics	/wiki/Ethics_(episode)	1992-03-02	45587.3	45587.3
116	5x17	The Outcast	/wiki/The_Outcast_(episode)	1992-03-16	45614.6	45614.6
117	5x18	Cause and Effect	/wiki/Cause_and_Effect_(episode)	1992-03-23	45652.1	45652.1
118	5x19	The First Duty	/wiki/The_First_Duty_(episode)	1992-03-30	45703.9	45703.9
119	5x20	Cost of Living	/wiki/Cost_of_Living_(episode)	1992-04-20	45733.6	45733.6
120	5x21	The Perfect Mate	/wiki/The_Perfect_Mate_(episode)	1992-04-27	45761.3	45761.3
121	5x22	Imaginary Friend	/wiki/Imaginary_Friend_(episode)	1992-05-04	45832.1	45832.1
122	5x23	I Borg	/wiki/I_Borg_(episode)	1992-05-11	45854.2	45854.2
123	5x24	The Next Phase	/wiki/The_Next_Phase_(episode)	1992-05-18	45892.4	45892.4
124	5x25	The Inner Light	/wiki/The_Inner_Light_(episode)	1992-06-01	45944.1	45944.1
125	5x26	Time's Arrow	/wiki/Time%27s_Arrow_(episode)	1992-06-15	45959.1	45959.1
126	6x01	Time's Arrow, Part II	/wiki/Time%27s_Arrow,_Part_II_(episode)	1992-09-21	46001.3	46001.3
127	6x02	Realm of Fear	/wiki/Realm_of_Fear_(episode)	1992-09-28	46041.1	46041.1
128	6x03	Man of the People	/wiki/Man_of_the_People_(episode)	1992-10-05	46071.6	46071.6
129	6x04	Relics	/wiki/Relics_(episode)	1992-10-12	46125.3	46125.3
130	6x05	Schisms	/wiki/Schisms_(episode)	1992-10-19	46154.2	46154.2
131	6x06	True Q	/wiki/True_Q_(episode)	1992-10-26	46192.3	46192.3
132	6x07	Rascals	/wiki/Rascals_(episode)	1992-11-02	46235.7	46235.7
133	6x08	A Fistful of Datas	/wiki/A_Fistful_of_Datas_(episode)	1992-11-07	46271.5	46271.5
134	6x09	The Quality of Life	/wiki/The_Quality_of_Life_(episode)	1992-11-14	46307.2	46307.2
135	6x10	Chain of Command, Part I	/wiki/Chain_of_Command,_Part_I_(episode)	1992-12-14	46357.4	46357.4
136	6x11	Chain of Command, Part II	/wiki/Chain_of_Command,_Part_II_(episode)	1992-12-21	46360.8	46360.8
137	6x12	Ship in a Bottle	/wiki/Ship_in_a_Bottle_(episode)	1993-01-25	46424.1	46424.1
138	6x13	Aquiel	/wiki/Aquiel_(episode)	1993-02-01	46461.3	46461.3
139	6x14	Face of the Enemy	/wiki/Face_of_the_Enemy_(episode)	1993-02-08	46519.0	46519.0
140	6x15	Tapestry	/wiki/Tapestry_(episode)	1993-02-15	Unknown	Unknown
141	6x16	Birthright, Part I	/wiki/Birthright,_Part_I_(episode)	1993-02-22	46578.4	46578.4
142	6x17	Birthright, Part II	/wiki/Birthright,_Part_II_(episode)	1993-03-01	46579.2	46579.2
143	6x18	Starship Mine	/wiki/Starship_Mine_(episode)	1993-03-29	46682.4	46682.4
144	6x19	Lessons	/wiki/Lessons_(episode)	1993-04-05	46693.1	46693.1
145	6x20	The Chase	/wiki/The_Chase_(episode)	1993-04-26	46731.5	46731.5
146	6x21	Frame of Mind	/wiki/Frame_of_Mind_(episode)	1993-05-02	46778.1	46778.1
147	6x22	Suspicions	/wiki/Suspicions_(episode)	1993-05-10	46830.1	46830.1
148	6x23	Rightful Heir	/wiki/Rightful_Heir_(episode)	1993-05-17	46852.2	46852.2
149	6x24	Second Chances	/wiki/Second_Chances_(episode)	1993-05-24	46915.2	46915.2
150	6x25	Timescape	/wiki/Timescape_(episode)	1993-06-12	46944.2	46944.2
151	6x26	Descent	/wiki/Descent_(episode)	1993-06-21	46982.1	46982.1
152	7x01	Descent, Part II	/wiki/Descent,_Part_II_(episode)	1993-09-18	47025.4	47025.4
153	7x02	Liaisons	/wiki/Liaisons_(episode)	1993-09-25	Unknown	Unknown
154	7x03	Interface	/wiki/Interface_(episode)	1993-10-04	47215.5	47215.5
155	7x04	Gambit, Part I	/wiki/Gambit,_Part_I_(episode)	1993-10-09	47135.2	47135.2
156	7x05	Gambit, Part II	/wiki/Gambit,_Part_II_(episode)	1993-10-16	47160.1	47160.1
157	7x06	Phantasms	/wiki/Phantasms_(episode)	1993-10-23	47225.7	47225.7
158	7x07	Dark Page	/wiki/Dark_Page_(episode)	1993-10-30	47254.1	47254.1
159	7x08	Attached	/wiki/Attached_(episode)	1993-11-06	47304.2	47304.2
160	7x09	Force of Nature	/wiki/Force_of_Nature_(episode)	1993-11-15	47310.2	47310.2
161	7x10	Inheritance	/wiki/Inheritance_(episode)	1993-11-22	47410.2	47410.2
162	7x11	Parallels	/wiki/Parallels_(episode)	1993-11-27	47391.2	47391.2
163	7x12	The Pegasus	/wiki/The_Pegasus_(episode)	1994-01-10	47457.1	47457.1
164	7x13	Homeward	/wiki/Homeward_(episode)	1994-01-15	47423.9	47423.9
165	7x14	Sub Rosa	/wiki/Sub_Rosa_(episode)	1994-01-31	Unknown	Unknown
166	7x15	Lower Decks	/wiki/Lower_Decks_(episode)	1994-02-07	47566.7	47566.7
167	7x16	Thine Own Self	/wiki/Thine_Own_Self_(episode)	1994-02-14	47611.2	47611.2
168	7x17	Masks	/wiki/Masks_(episode)	1994-02-19	47615.2	47615.2
169	7x18	Eye of the Beholder	/wiki/Eye_of_the_Beholder_(episode)	1994-02-26	47622.1	47622.1
170	7x19	Genesis	/wiki/Genesis_(episode)	1994-03-19	47653.2	47653.2
171	7x20	Journey's End	/wiki/Journey%27s_End_(episode)	1994-03-26	47751.2	47751.2
172	7x21	Firstborn	/wiki/Firstborn_(episode)	1994-04-23	47779.4	47779.4
173	7x22	Bloodlines	/wiki/Bloodlines_(episode)	1994-04-30	47829.1	47829.1
174	7x23	Emergence	/wiki/Emergence_(episode)	1994-05-07	47869.2	47869.2
175	7x24	Preemptive Strike	/wiki/Preemptive_Strike_(episode)	1994-05-14	47941.7	47941.7
176	7x25/26	All Good Things...	/wiki/All_Good_Things..._(episode)	1994-05-23	47988.0	47988.0
\.


--
-- Name: episodes_id_seq; Type: SEQUENCE SET; Schema: public; Owner: danielfinlay
--

SELECT pg_catalog.setval('episodes_id_seq', 176, true);


--
-- Data for Name: tags; Type: TABLE DATA; Schema: public; Owner: danielfinlay
--

COPY tags (id, title, url) FROM stdin;
23	battle section	/wiki/Battle_section
33	captain's log	/wiki/Captain%27s_log
73	ensign	/wiki/Ensign
83	exobiology	/wiki/Exobiology
93	force field grid	/wiki/Force_field_grid
103	headband	/wiki/Headband
113	impulse drive	/wiki/Impulse_drive
126	lionfish	/wiki/Lionfish
146	Neptune	/wiki/Neptune
166	Prime Directive	/wiki/Prime_Directive
176	sculpture	/wiki/Sculpture
186	Sol system	/wiki/Sol_system
196	Starfleet Academy	/wiki/Starfleet_Academy
206	sword	/wiki/Sword
226	type 2 phaser	/wiki/Type_2_phaser
236	VISOR	/wiki/VISOR
259	hydrogen	/wiki/Hydrogen
269	Oberth-class	/wiki/Oberth_class
279	ship's store	/wiki/Ship%27s_store
305	Cargo Bay 1	/wiki/Cargo_bay
352	Class M	/wiki/Class_M
372	Latin	/wiki/Latin_language
404	Eine kleine Nachtmusik	/wiki/Eine_kleine_Nachtmusik
424	universe	/wiki/Universe
441	computer intelligence	/wiki/Artificial_intelligence
451	economics	/wiki/Economics
461	passive array status	/wiki/Sensor
482	arithmetic	/wiki/Arithmetic
502	scanning device	/wiki/Unnamed_medical_tools#Scanning_device_.28late_2364.29
551	eye	/wiki/Eye
571	Qo'noS	/wiki/Qo%27noS
594	fork	/wiki/Fork
652	Hitler, Adolf	/wiki/Adolf_Hitler
662	London	/wiki/London
682	snow	/wiki/Snow
739	asteroid	/wiki/Asteroid
792	byte	/wiki/Byte
802	jukebox	/wiki/Jukebox
812	New Orleans	/wiki/New_Orleans
837	2359	/wiki/2359
980	science laboratory	/wiki/Science_laboratory
1042	biobed	/wiki/Biobed
1055	Khitomer	/wiki/Khitomer
1107	stasis field	/wiki/Stasis_field
1117	deflector shield	/wiki/Deflector_shield
1163	non-humanoid	/wiki/Non-humanoid
1187	circulatory system	/wiki/Circulatory_system
1207	Starfleet Headquarters	/wiki/Starfleet_Headquarters
2	20th century	/wiki/20th_century
3	21st century	/wiki/21st_century
7	admiral	/wiki/Admiral
8	2364	/wiki/2364
9	Altair III	/wiki/Altair_III
10	Android	/wiki/Android
11	apple	/wiki/Apple
12	aquarium	/wiki/Aquarium
15	Avian	/wiki/Avian
16	away team	/wiki/Away_team
19	banana	/wiki/Banana
22	battle bridge	/wiki/Battle_bridge
24	beard	/wiki/Beard
26	Betazoid	/wiki/Betazoid
28	blindness	/wiki/Blindness
29	bridge	/wiki/Bridge
31	captain	/wiki/Captain
36	chair	/wiki/Chair
37	chief medical officer	/wiki/Chief_medical_officer
38	CMO	/wiki/CMO
39	cigarette	/wiki/Cigarette
40	combadge	/wiki/Combadge
41	command chair	/wiki/Command_chair
44	commander	/wiki/Commander
47	communicator	/wiki/Communicator
48	conn station	/wiki/Conn_station
49	Constellation-class	/wiki/Constellation_class
50	coral	/wiki/Coral
51	couch	/wiki/Couch
52	counselor	/wiki/Counselor
54	Crusher, Jack	/wiki/Jack_Crusher
57	desk	/wiki/Desk
58	DeSoto, Robert	/wiki/Robert_DeSoto
60	docking latch	/wiki/Docking_latch
62	door	/wiki/Door
64	Earth	/wiki/Earth
65	elevator	/wiki/Elevator
66	Emergency Manual Override station	/wiki/Emergency_Manual_Override_station
67	emergency turbolift	/wiki/Emergency_turbolift
68	empathy	/wiki/Empathy
72	engineering	/wiki/Engineering
74	USS Enterprise (CVN-65)	/wiki/USS_Enterprise_(CVN-65)
75	USS Enterprise	/wiki/USS_Enterprise_(NCC-1701)
77	USS Enterprise-B	/wiki/USS_Enterprise_(NCC-1701-B)
78	USS Enterprise-C	/wiki/USS_Enterprise_(NCC-1701-C)
79	USS Enterprise-D	/wiki/USS_Enterprise_(NCC-1701-D)
81	Environment station	/wiki/Environment_station
82	Excelsior-class	/wiki/Excelsior_class
85	fabric	/wiki/Fabric
86	Farpoint Station	/wiki/Farpoint_Station
87	feedback	/wiki/Feedback?action=edit&redlink=1
88	Ferengi	/wiki/Ferengi
89	Ferengi Alliance	/wiki/Ferengi_Alliance
90	fire	/wiki/Fire
91	fish	/wiki/Fish
92	flags and banners	/wiki/Flags_and_banners
94	French language	/wiki/French_language
95	fruit	/wiki/Fruit
96	galaxy	/wiki/Galaxy
97	Galaxy-class	/wiki/Galaxy_class
98	Galaxy class decks	/wiki/Galaxy_class_decks
100	grape	/wiki/Grape
102	gymnasium	/wiki/Gymnasium
105	Henry VI, Part III	/wiki/Henry_VI,_Part_III
106	holodeck	/wiki/Holodeck
107	hologram	/wiki/Hologram
108	holoprogram	/wiki/Holoprogram
109	Hood, USS	/wiki/USS_Hood_(Excelsior_class)
110	Human	/wiki/Human
112	ice	/wiki/Ice
114	imzadi	/wiki/Imzadi
116	joke	/wiki/Joke
117	judge	/wiki/Judge
119	Klingon	/wiki/Klingon
120	LCARS	/wiki/LCARS
123	lieutenant junior grade	/wiki/Lieutenant_junior_grade
124	lifeform	/wiki/Lifeform
125	lion	/wiki/Lion
127	Livingston	/wiki/Livingston
129	main engineering	/wiki/Main_engineering
132	maneuvering jet	/wiki/Maneuvering_jet
134	medical tricorder	/wiki/Medical_tricorder
137	Milky Way Galaxy	/wiki/Milky_Way_Galaxy
158	prejudice	/wiki/Prejudice
178	security chief	/wiki/Security_chief
208	tactical station	/wiki/Tactical_station
228	United Earth	/wiki/United_Earth
238	warp	/wiki/Warp
263	kiss	/wiki/Kiss
282	sonic shower	/wiki/Sonic_shower
292	Turkana IV	/wiki/Turkana_IV
319	humor	/wiki/Humor
329	razor	/wiki/Razor
339	weapon	/wiki/Weapon
343	assassin	/wiki/Assassin
353	computer	/wiki/Computer
363	fingernail	/wiki/Fingernail
373	life support	/wiki/Life_support
383	supernova	/wiki/Supernova
401	cat	/wiki/Cat
420	Tau Alpha C	/wiki/Tau_Alpha_C
430	warp field	/wiki/Warp_field
449	dress uniform	/wiki/Dress_uniform
490	harp	/wiki/Harp
553	force field	/wiki/Force_field
573	ring	/wiki/Ring
597	jewelry	/wiki/Jewelry
610	sign language	/wiki/Sign_language
625	baseball	/wiki/Baseball
645	gangster	/wiki/Gangster
655	Jarada	/wiki/Jarada
675	police	/wiki/Police
697	2338	/wiki/2338
751	freighter	/wiki/Freighter
761	perfume	/wiki/Perfume
771	wing	/wiki/Wing
793	cybernetics	/wiki/Cybernetics
803	Kansas City	/wiki/Kansas_City
846	DNA	/wiki/DNA
906	musician	/wiki/Musician
916	planetary defense system	/wiki/Planetary_defense_system
936	vitamin	/wiki/Vitamin
981	scientific method	/wiki/Scientific_method
991	terraforming	/wiki/Terraforming
1001	water table	/wiki/Water_table
1019	glass	/wiki/Glass
1038	tour of duty	/wiki/Tour_of_duty?action=edit&redlink=1
1051	Gault colony	/wiki/Gault_colony
1061	Klingonese	/wiki/Klingonese
1092	fog	/wiki/Fog
1137	solar flare	/wiki/Solar_flare
1146	dilithium assembly	/wiki/Matter-antimatter_reaction_assembly
1168	science officer	/wiki/Science_officer
1179	2347	/wiki/2347
1192	fencing	/wiki/Fencing
1202	pigeon	/wiki/Pigeon
1224	Ambassador-class	/wiki/Ambassador_class
1257	ramp	/wiki/Ramp
1267	Starfleet Command	/wiki/Starfleet_Command
1277	Vulcan nerve pinch	/wiki/Vulcan_nerve_pinch
140	mountain	/wiki/Mountain
149	observation lounge	/wiki/Observation_lounge
159	photon torpedo	/wiki/Photon_torpedo
169	Q Continuum	/wiki/Q_Continuum
179	Shakespeare, William	/wiki/William_Shakespeare
189	species	/wiki/Species
199	starship	/wiki/Starship
209	tear	/wiki/Tear?action=edit&redlink=1
219	tribe	/wiki/Tribe
229	United Federation of Planets	/wiki/United_Federation_of_Planets
239	warp core	/wiki/Warp_core
253	Denkir II	/wiki/Denkir_II
260	hypospray	/wiki/Hypospray
280	shuttlecraft bay	/wiki/Shuttlebay
332	scar	/wiki/Scar
371	kilometer	/wiki/Kilometer
381	shuttle	/wiki/Shuttle
402	cello	/wiki/Cello
412	Mozart, Wolfgang Amadeus	/wiki/Wolfgang_Amadeus_Mozart
422	The Traveler	/wiki/The_Traveler
467	security alert	/wiki/Security_alert
486	Edo	/wiki/Edo
515	dedication plaque	/wiki/Dedication_plaque
525	moon	/wiki/Moon
547	cannon	/wiki/Cannon
583	2356	/wiki/2356
647	ghost	/wiki/Ghost
667	mating ritual	/wiki/Mating_ritual
687	telephone	/wiki/Telephone
702	2360	/wiki/2360
706	Crystalline Entity	/wiki/Crystalline_Entity
716	Omicron Theta	/wiki/Omicron_Theta
726	Soong, Noonian	/wiki/Noonian_Soong
733	47	/wiki/47
786	bracelet	/wiki/Bracelet
806	Melbourne, USS	/wiki/USS_Melbourne
826	trombone	/wiki/Trombone
838	2362	/wiki/2362
865	starliner	/wiki/Starliner
884	calculus	/wiki/Calculus
904	magnetic field	/wiki/Magnetic_field
914	passive resistance	/wiki/Passive_resistance
947	biosphere	/wiki/Biosphere
996	utility uiform	/wiki/Starfleet_uniform_(2350s-2370s)#Utility_uniform
1012	dilithium	/wiki/Dilithium
1032	second	/wiki/Second
1113	biofilter	/wiki/Biofilter
1121	electricity	/wiki/Electricity
1140	cortical stimulator	/wiki/Cortical_stimulator
1150	funeral	/wiki/Funeral
1170	ship's pool	/wiki/Betting_pool
1180	2349	/wiki/2349
139	model	/wiki/Model
160	Pinocchio	/wiki/Pinocchio
170	Q (species)	/wiki/Q_(species)
190	spoon	/wiki/Spoon
200	starship operations	/wiki/Operations_division
210	The Globe Illustrated Shakespeare: The Complete Works	/wiki/The_Globe_Illustrated_Shakespeare:_The_Complete_Works
220	tricorder	/wiki/Tricorder
230	United States of America	/wiki/United_States_of_America
240	window	/wiki/Window
251	Constitution-class	/wiki/Constitution_class
261	isolinear optical chip	/wiki/Isolinear_optical_chip
298	aikido	/wiki/Aikido
311	crossbow	/wiki/Crossbow
350	battery	/wiki/Battery
390	Type II phaser	/wiki/Type_II_phaser
400	candle	/wiki/Candle
448	dilithium crystal	/wiki/Dilithium_crystal
458	magnifying glass	/wiki/Magnifying_glass
468	security team two	/wiki/Security_team
478	subspace radio	/wiki/Subspace_radio
491	ignorance	/wiki/Ignorance
501	Saturn	/wiki/Saturn
512	common cold	/wiki/Common_cold
519	helm	/wiki/Helm
544	Betazed	/wiki/Betazed
552	feather	/wiki/Feather
588	Betazoid chime	/wiki/Unnamed_musical_instruments#Betazoid_chime
596	Holy Rings of Betazed	/wiki/Holy_Rings_of_Betazed
634	California	/wiki/California
674	Out of Nowhere	/wiki/Out_of_Nowhere
684	South America	/wiki/South_America
694	United States dollar	/wiki/United_States_dollar
711	lie	/wiki/Lie
731	Tripoli, USS	/wiki/USS_Tripoli
767	Romulan Neutral Zone	/wiki/Romulan_Neutral_Zone
776	antimatter	/wiki/Antimatter
799	Isn't It Romantic?	/wiki/Isn%27t_It_Romantic%3F
819	shuttle drone	/wiki/Shuttle_drone
829	warp coil	/wiki/Warp_coil
843	chess	/wiki/Chess
879	atmosphere	/wiki/Atmosphere
889	corridor	/wiki/Corridor
899	gravity	/wiki/Gravity
909	nitrogen	/wiki/Nitrogen
939	wood	/wiki/Wood
951	carbon	/wiki/Carbon
1026	Mars	/wiki/Mars
1046	bulkhead	/wiki/Bulkhead
1062	K't'inga-class	/wiki/K%27t%27inga_class
1072	Rozhenko, Sergey	/wiki/Sergey_Rozhenko
1089	emergency power	/wiki/Emergency_power?action=edit&redlink=1
1094	Howard, Felisa	/wiki/Felisa_Howard
1126	homeostasis	/wiki/Homeostasis
1196	Lalo, USS	/wiki/USS_Lalo
1226	Bolian	/wiki/Bolian
1243	Luna	/wiki/Luna
1263	Sol	/wiki/Sol
141	MSD	/wiki/MSD
161	planet	/wiki/Planet
171	ready room	/wiki/Ready_room
191	SS 433	/wiki/SS_433
201	star system	/wiki/Star_system
221	tritanium	/wiki/Tritanium
231	Unnamed plants	/wiki/Unnamed_plants
273	rape gang	/wiki/Rape_gang
283	Soong-type android	/wiki/Soong-type_android
318	human history	/wiki/Human_history
328	prime directive	/wiki/Prime_directive
355	DaiMon	/wiki/DaiMon
365	fusion generator	/wiki/Fusion_generator
397	Ajax, USS	/wiki/USS_Ajax
421	Transporter Room 3	/wiki/Transporter_room#Transporter_Room_3
431	wig	/wiki/Wig
485	death penalty	/wiki/Death_penalty
493	mediator	/wiki/Mediator
503	stellar cluster	/wiki/Stellar_cluster
511	chief engineer	/wiki/Chief_engineer
530	sextant	/wiki/Sextant
545	amber	/wiki/Amber_(material)
549	death	/wiki/Death
601	rose	/wiki/Rose
620	2344	/wiki/2344
630	bow tie	/wiki/Bow_tie
650	hat	/wiki/Hat
680	San Francisco	/wiki/San_Francisco
696	2345	/wiki/2345
750	field trip	/wiki/Field_trip
805	magnetic containment field	/wiki/Magnetic_containment_field
815	parrises squares	/wiki/Parrises_squares
825	Trieste, USS	/wiki/USS_Trieste
857	long range shuttle	/wiki/Long_range_shuttle
881	beach	/wiki/Beach_(formation)
891	defense shield	/wiki/Defense_shield
931	toy	/wiki/Toy
983	shock	/wiki/Shock
1002	2161	/wiki/2161
1034	Relva VII	/wiki/Relva_VII
1069	replicator	/wiki/Replicator
1079	Talarian	/wiki/Talarian
1120	drug	/wiki/Drug
1166	pulse	/wiki/Pulse
1176	z-particle	/wiki/Z-particle
1205	red giant	/wiki/Red_giant
1236	Golden Gate Bridge	/wiki/Golden_Gate_Bridge
1256	rag doll	/wiki/Doll
1266	star chart	/wiki/Star_chart
142	narcotic	/wiki/Narcotic
162	Pop Goes the Weasel	/wiki/Pop_Goes_the_Weasel
182	sickbay	/wiki/Sickbay
192	starbase	/wiki/Starbase
222	Triton	/wiki/Triton
242	World War III	/wiki/World_War_III
256	explosive decompression	/wiki/Explosive_decompression
266	metaphysics	/wiki/Metaphysics
286	stellar core fragment	/wiki/Stellar_core_fragment
296	13th century	/wiki/13th_century
307	China	/wiki/China
317	horse	/wiki/Horse
327	poison	/wiki/Poison
379	reserve power	/wiki/Reserve_power?action=edit&redlink=1
389	Type I phaser	/wiki/Type_I_phaser
415	protostar	/wiki/Protostar
425	viola	/wiki/Viola
434	Antican	/wiki/Antican
445	desktop monitor	/wiki/Desktop_monitor
465	Richard III	/wiki/Richard_III
475	smoking	/wiki/Smoking
484	dance	/wiki/Dance
495	probe	/wiki/Probe
514	computer science	/wiki/Computer_science
524	Merchant of Venice, The	/wiki/The_Merchant_of_Venice
534	thought maker	/wiki/Thought_maker
585	arch	/wiki/Arch
599	medical doctor	/wiki/Medical_doctor
669	money	/wiki/Money
679	sailor	/wiki/Sailor
707	deactivation switch	/wiki/Deactivation_switch
748	escape pod	/wiki/Escape_pod
768	skiing	/wiki/Skiing
778	auto-destruct	/wiki/Auto-destruct
784	binary language	/wiki/Binary_language
814	Paris	/wiki/Paris
864	rear admiral	/wiki/Rear_admiral
883	calcium	/wiki/Calcium
893	dolphin	/wiki/Dolphin
933	ultraviolet radiation	/wiki/Ultraviolet_radiation
957	director	/wiki/Director
1023	Kosinski	/wiki/Kosinski
1033	shuttlecraft	/wiki/Shuttlecraft
1044	Adrenaline	/wiki/Adrenaline
1058	Klingon cruiser	/wiki/Klingon_cruiser
1095	Howard, Isabel	/wiki/Isabel_Howard
1144	debris	/wiki/Debris
1174	Vagra II	/wiki/Vagra_II
1203	planetoid	/wiki/Planetoid
1249	neural parasite	/wiki/Neural_parasite_(24th_century)
1286	Atlantic Ocean	/wiki/Atlantic_Ocean
1294	D'deridex-class	/wiki/D%27deridex_class
143	NCC-7100	/wiki/NCC-7100
153	PADD	/wiki/PADD
163	post-atomic horror	/wiki/Post-atomic_horror
173	saucer section	/wiki/Saucer_section
183	skant	/wiki/Skant
193	stardate	/wiki/Stardate
203	statue	/wiki/Statue
223	Troi, Ian Andrew	/wiki/Ian_Andrew_Troi
243	year	/wiki/Year
245	2363	/wiki/2363
275	repulsor beam	/wiki/Repulsor_beam
285	star	/wiki/Star
295	white dwarf	/wiki/White_dwarf
303	blood	/wiki/Blood
323	Ligonian	/wiki/Ligonian
364	France	/wiki/France
396	acting ensign	/wiki/Acting_ensign
409	intermix formulae	/wiki/Intermix_ratio
429	warp engine	/wiki/Warp_engine
463	pipe	/wiki/Pipe
518	headache	/wiki/Headache
528	power cell	/wiki/Power_cell
548	campfire	/wiki/Campfire
568	Napolon	/wiki/Napol%C3%A9on_Bonaparte
578	tent	/wiki/Tent
598	knife	/wiki/Knife
609	transporter system	/wiki/Transporter_system
628	Big Good-Bye, The	/wiki/The_Big_Good-Bye
638	Cleveland	/wiki/Cleveland
678	Roosevelt, Franklin D.	/wiki/Franklin_D._Roosevelt
705	cruiser	/wiki/Cruiser
715	microscope	/wiki/Microscope
725	snowflake	/wiki/Snowflake
800	jazz	/wiki/Jazz
820	situation report	/wiki/Situation_report
870	wheelchair	/wiki/Wheelchair
872	14th century	/wiki/14th_century
882	bed	/wiki/Bed
912	oxygen	/wiki/Oxygen
922	school	/wiki/School
977	sabotage	/wiki/Sabotage
1048	dilithium crystal chamber	/wiki/Dilithium_crystal_chamber
1064	Merculite rocket	/wiki/Merculite_rocket
1074	Security Three	/wiki/Brig
1114	cargo	/wiki/Cargo
1148	distress call	/wiki/Distress_call
1157	medkit	/wiki/Medkit
1167	respiration	/wiki/Respiration
1183	binary star system	/wiki/Binary_star_system
1219	waiter	/wiki/Waiter
1227	brain	/wiki/Brain
1255	Pacifica	/wiki/Pacifica
1265	Starbase 12	/wiki/Starbase_12
1304	Mogh	/wiki/Mogh
144	necklace	/wiki/Necklace
154	painting	/wiki/Painting
174	saucer separation	/wiki/Saucer_separation
194	stardrive section	/wiki/Stardrive_section
214	transporter	/wiki/Transporter
224	turbolift	/wiki/Turbolift
234	viewport	/wiki/Viewport
244	yellow alert	/wiki/Yellow_alert
247	alcohol	/wiki/Alcohol
268	number one	/wiki/Number_one
278	sex	/wiki/Sex
288	tractor beam	/wiki/Tractor_beam
346	bridge	/wiki/Bridge_(structure)
358	D'Kora-class	/wiki/D%27Kora_class
368	gold	/wiki/Gold
408	flashlight	/wiki/Flashlight
418	targ	/wiki/Targ
428	warp drive	/wiki/Warp_drive
454	Holmes, Sherlock	/wiki/Sherlock_Holmes
464	propulsion system	/wiki/Propulsion_system
474	slavery	/wiki/Slavery
489	guitar	/wiki/Unnamed_musical_instruments#Adam.27s_guitar
526	neural scan	/wiki/Neural_scan
554	French	/wiki/French
566	monk	/wiki/Monk
590	Betazoid wedding	/wiki/Betazoid_wedding
624	automobile	/wiki/Automobile
720	positronic brain	/wiki/Positronic_brain
730	toast	/wiki/Toast
744	carbon-based lifeform	/wiki/Carbon-based_lifeform
817	piano	/wiki/Piano
827	trumpet	/wiki/Trumpet
851	Governor	/wiki/Governor
887	chromosome	/wiki/Chromosome
954	conference room	/wiki/Conference_room
974	quarantine field	/wiki/Quarantine_field
984	silicon	/wiki/Silicon
1005	Benzite	/wiki/Benzite
1039	type 7 shuttlecraft	/wiki/Type_7_shuttlecraft
1056	Khitomer Massacre	/wiki/Khitomer_Massacre
1076	Starbase 84	/wiki/Starbase_84
1096	Howard, Paul	/wiki/Paul_Howard
1106	stasis	/wiki/Stasis
1135	photosphere	/wiki/Photosphere
1145	dilithium articulation frame	/wiki/Dilithium_articulation_frame
1155	martial arts	/wiki/Martial_arts
1165	psychology	/wiki/Psychology
1175	vital signs	/wiki/Vital_signs
1313	Romulan Star Empire	/wiki/Romulan_Star_Empire
1323	Tomed Incident	/wiki/Tomed_Incident
1337	Denkir IV	/wiki/Denkir_IV
145	necktie	/wiki/Necktie
155	patriotism	/wiki/Patriotism
195	Starfleet	/wiki/Starfleet
205	stun setting	/wiki/Stun_setting
215	transporter chief	/wiki/Transporter_chief
225	type 1 phaser	/wiki/Type_1_phaser
235	viewscreen	/wiki/Viewscreen
267	mirror	/wiki/Mirror
277	science vessel	/wiki/Science_vessel
287	textbook	/wiki/Textbook
297	2164	/wiki/2164
330	red alert	/wiki/Red_alert
340	wristwatch	/wiki/Wristwatch
367	Germany	/wiki/Germany
377	orbit	/wiki/Orbit
416	string quartet	/wiki/String_quartet
426	violin	/wiki/Violin
446	detective	/wiki/Detective
466	sector	/wiki/Sector
506	syringe	/wiki/Syringe
509	Annotated Shakespeare, The	/wiki/The_Annotated_Shakespeare
546	As You Like It	/wiki/As_You_Like_It
550	drum	/wiki/Drum
560	Klingon mating rituals	/wiki/Klingon_mating_rituals
580	Twelfth Night, or What You Will	/wiki/Twelfth_Night,_or_What_You_Will
582	accent	/wiki/Accent
592	drawing	/wiki/Drawing
602	Sacred Chalice of Rixx	/wiki/Sacred_Chalice_of_Rixx
621	1941	/wiki/1941
651	Hill, Dixon	/wiki/Dixon_Hill
671	Newton, Isaac	/wiki/Isaac_Newton
681	scotch	/wiki/Scotch
698	2348	/wiki/2348
709	grammar	/wiki/Grammar?action=edit&redlink=1
719	positron	/wiki/Positron
742	Berlin, USS	/wiki/USS_Berlin
779	autopilot	/wiki/Autopilot
831	Wellington, USS	/wiki/USS_Wellington
868	three-dimensional chess	/wiki/Three-dimensional_chess
888	cloaking device	/wiki/Cloaking_device
898	gamma ray	/wiki/Gamma_ray
908	neutrino	/wiki/Neutrino
928	Starfleet Regulations	/wiki/Starfleet_Regulations
938	water	/wiki/Water
952	centimeter	/wiki/Centimeter
955	containment field	/wiki/Containment_field
995	universal translator	/wiki/Universal_translator
1011	Deimos	/wiki/Deimos
1047	deuterium	/wiki/Deuterium
1053	hostage	/wiki/Hostage
1073	Science II	/wiki/Science_station
1099	Lorenze Cluster	/wiki/Lorenze_Cluster
1109	warp 3	/wiki/Warp_factor
1142	blood pressure	/wiki/Blood_pressure
1162	neuron	/wiki/Neuron
1172	spirit	/wiki/Spirit
1200	neurochemistry	/wiki/Neurochemistry
1251	neutron star	/wiki/Neutron_star
1261	senility	/wiki/Senility
1284	bank	/wiki/Bank?action=edit&redlink=1
1301	liver	/wiki/Liver
147	neural input	/wiki/Neural_input
157	phaser	/wiki/Phaser
167	probability mechanics	/wiki/Probability_mechanics
207	table	/wiki/Table
217	transporter room	/wiki/Transporter_room
227	umbrella	/wiki/Umbrella
237	Vulcan	/wiki/Vulcan
262	Kirk, James T.	/wiki/James_T._Kirk
306	carpet	/wiki/Carpet
316	honor	/wiki/Honor
326	plague	/wiki/Plague
376	murder	/wiki/Murder
386	tattoo	/wiki/Tattoo
403	earring	/wiki/Earring
413	music	/wiki/Music
452	guest quarters	/wiki/Guest_quarters
508	2355	/wiki/2355
532	Stargazer, USS	/wiki/USS_Stargazer
556	Hamlet	/wiki/Hamlet
565	methane	/wiki/Methane
603	sun	/wiki/Sun
613	Xelo	/wiki/Xelo
666	make-up	/wiki/Make-up
704	champagne	/wiki/Champagne
724	sneeze	/wiki/Sneeze
735	2357	/wiki/2357
745	cloud	/wiki/Cloud
765	Romulan	/wiki/Romulan
788	Bussard collector	/wiki/Bussard_collector
818	plasma injector	/wiki/Plasma_injector
840	bird	/wiki/Bird
869	tissue sample	/wiki/Tissue_sample?action=edit&redlink=1
920	radiation poisoning	/wiki/Radiation_poisoning
961	Henry V	/wiki/Henry_V
969	nursery	/wiki/Nursery
1015	Enterprise models	/wiki/Enterprise_history
1060	Klingon Defense Force	/wiki/Klingon_Defense_Force
1070	Rozhenko, Helena	/wiki/Helena_Rozhenko
1100	meter	/wiki/Meter
1161	neural stimulator	/wiki/Neural_stimulator
1194	hiccup	/wiki/Hiccup
1204	pulsar	/wiki/Pulsar
1248	neck	/wiki/Neck
1268	surveyor	/wiki/Surveyor?action=edit&redlink=1
1297	guitar	/wiki/Guitar
1328	abortion	/wiki/Abortion
1372	bluff	/wiki/Bluff
1230	conspiracy	/wiki/Conspiracy
1283	Borg	/wiki/Borg
1290	Charleston, USS	/wiki/USS_Charleston
1381	patient	/wiki/Patient
1442	snake	/wiki/Snake
1463	2165	/wiki/2165
1472	cargo hold	/wiki/Cargo_hold
1482	Gulliver's Travels	/wiki/Gulliver%27s_Travels
1492	quantum mechanics	/wiki/Quantum_mechanics
1551	transport	/wiki/Transport
1557	2365	/wiki/2365
1634	neural net	/wiki/Neural_net
1644	Ten Forward	/wiki/Ten_Forward
1743	dealer	/wiki/Dealer
1814	Age of Ascension	/wiki/Age_of_Ascension
1824	Farpoint Mission	/wiki/Farpoint_Mission
1338	dog	/wiki/Dog
1348	litter	/wiki/Litter
1393	Baker Street	/wiki/Baker_Street
1444	spider	/wiki/Spider
1454	Victory, USS	/wiki/USS_Victory
1491	procreation	/wiki/Procreation
1504	chicken	/wiki/Chicken
1514	Klingon Empire	/wiki/Klingon_Empire
1555	2353	/wiki/2353
1566	hair follicle	/wiki/Hair_follicle
1627	Judge Advocate General	/wiki/Judge_Advocate_General
1805	type 15 shuttlepod	/wiki/Type_15_shuttlepod
1817	Aries, USS	/wiki/USS_Aries
1368	ancient history	/wiki/Ancient_history
1390	ales	/wiki/Ale
1421	milk	/wiki/Milk
1431	prostitution	/wiki/Prostitution
1521	optic nerve	/wiki/Optic_nerve
1550	synapse	/wiki/Synapse
1563	evolution	/wiki/Evolution
1604	Officer Exchange Program	/wiki/Officer_Exchange_Program
1631	Lore	/wiki/Lore
1663	dissection	/wiki/Dissection
1692	battle cruiser	/wiki/Battle_cruiser
1759	Math	/wiki/Math
1779	turkey	/wiki/Turkey
1783	clock	/wiki/Clock
1802	Riker, Kyle	/wiki/Kyle_Riker
1343	Federation	/wiki/Federation
1363	Shuttlebay 3	/wiki/Shuttlebay_3
1380	parsec	/wiki/Parsec
1439	sentience	/wiki/Sentience
1508	ear	/wiki/Ear
1554	2335	/wiki/2335
1606	phaser range	/wiki/Phaser_range
1655	chocolate	/wiki/Chocolate
1810	2350	/wiki/2350
1821	diaper	/wiki/Diaper
1366	Starfleet Medical	/wiki/Starfleet_Medical
1453	Victory, HMS	/wiki/HMS_Victory
1552	Wizard of Oz, The	/wiki/The_Wizard_of_Oz
1574	Sakharov	/wiki/Sakharov
1640	Starbase 173	/wiki/Starbase_173
1708	Maddox, Bruce	/wiki/Bruce_Maddox
1745	decomposition	/wiki/Decomposition?action=edit&redlink=1
1851	Tholian	/wiki/Tholian
1339	eager beaver	/wiki/Slang
1351	Morgana Quadrant	/wiki/Morgana_Quadrant
1361	Repulse, USS	/wiki/USS_Repulse
1376	fly	/wiki/Fly
1447	tea	/wiki/Tea
1493	parrot	/wiki/Parrot
1509	empathic	/wiki/Empathic
1544	priority one	/wiki/Priority_one
1581	transporter log	/wiki/Transporter_log
1595	gagh	/wiki/Gagh
1605	Pagh, IKS	/wiki/IKS_Pagh
1660	cosmic ray	/wiki/Cosmic_ray
1689	archaeology	/wiki/Archaeology
1728	ammonia	/wiki/Ammonia
1801	Riker, Betty	/wiki/Betty_Riker
1352	mutation	/wiki/Mutation
1369	cheese	/wiki/Cheese
1378	inertial guidance system	/wiki/Inertial_guidance_system
1410	Doyle, Sir Arthur Conan	/wiki/Arthur_Conan_Doyle
1520	ocular implant	/wiki/Ocular_implant
1548	Shakespeare's sonnets	/wiki/Shakespeare%27s_sonnets
1621	Daystrom Institute	/wiki/Daystrom_Institute
1688	troposphere	/wiki/Troposphere
1712	power transfer tunnel	/wiki/Power_transfer_tunnel?action=edit&redlink=1
1734	Celsius	/wiki/Celsius
1796	mother ship	/wiki/Mother_ship
1836	painstik	/wiki/Painstik
1367	Troi, Lwaxana	/wiki/Lwaxana_Troi
1373	calisthenics program, Klingon	/wiki/Klingon_calisthenics_program
1383	rat	/wiki/Rat
1426	particle beam	/wiki/Particle_beam
1446	sugar	/wiki/Sugar
1475	class 7 vessel	/wiki/Class_7_vessel
1485	laser weapons	/wiki/Laser_weapon
1536	cybernetics	/wiki/Cybernetic
1560	courier	/wiki/Courier
1569	marker beacon	/wiki/Warning_buoy
1636	poker	/wiki/Poker
1676	love	/wiki/Love
1717	Romulan language	/wiki/Romulan_language
1730	blackjack	/wiki/Blackjack
1785	El-Baz	/wiki/El-Baz
1804	Starbase 73	/wiki/Starbase_73
1387	Yamato, USS	/wiki/USS_Yamato
1415	handedness	/wiki/Handedness
1474	cigar	/wiki/Cigar
1518	magnetosphere	/wiki/Magnetosphere
1592	defensive shields	/wiki/Defensive_shield
1612	second officer	/wiki/Second_officer
1696	Earl Grey tea	/wiki/Earl_Grey_tea
1706	Jefferies tubes	/wiki/Jefferies_tube
1716	Romulan cruiser	/wiki/Romulan_cruiser
1746	diary	/wiki/Diary
1850	technical manual	/wiki/Technical_manual
1382	probe, class 1	/wiki/Class-1_probe
1506	anarchy	/wiki/Anarchy
1585	battle alert	/wiki/Battle_alert
1598	Klingon Bird-of-Prey	/wiki/Klingon_Bird-of-Prey
1623	court martial	/wiki/Court_martial
1673	interspecific reproduction	/wiki/Interspecific_reproduction
1757	lobby	/wiki/Lobby
1777	tornado	/wiki/Tornado
1784	egg	/wiki/Egg
1793	internal clock	/wiki/Internal_clock
1815	Alaska	/wiki/Alaska
1856	adolescence	/wiki/Adolescence?action=edit&redlink=1
1862	Asteroid belt	/wiki/Asteroid_belt
1864	Benev Selec	/wiki/Benev_Selec
1867	cerebral cortex	/wiki/Cerebral_cortex
1872	earthquake	/wiki/Earthquake
1878	geology	/wiki/Geology
1880	holo-programs	/wiki/Holo-programs
1888	memory wipe	/wiki/Memory_wipe
1889	metallurgy	/wiki/Metallurgy
1893	penny	/wiki/Penny
1906	volcano	/wiki/Volcano
1911	Borg cube	/wiki/Borg_cube
1917	cutting beam	/wiki/Cutting_beam
1921	hot chocolate	/wiki/Hot_chocolate
2017	Spanish	/wiki/Spanish
2108	observer	/wiki/Observer
2123	Autonomic nervous system	/wiki/Autonomic_nervous_system
2179	manual override	/wiki/Manual_override?action=edit&redlink=1
2240	Andorians	/wiki/Andorian
2260	Much Ado About Nothing	/wiki/Much_Ado_About_Nothing
2270	tree	/wiki/Tree
2276	anthropology	/wiki/Anthropology
2284	Mintaka III	/wiki/Mintaka_III
2343	Menthars	/wiki/Menthar
2389	contract	/wiki/Contract
2477	Federation Council	/wiki/Federation_Council
2589	black hole	/wiki/Black_hole
2609	pimple	/wiki/Pimple
2671	prune juice	/wiki/Prune_juice
2704	Duras, son of Ja'rod	/wiki/Duras,_son_of_Ja%27rod
2769	first contact	/wiki/First_contact
2795	insubordination	/wiki/Insubordination
2898	Vulcan mind meld	/wiki/Vulcan_mind_meld
2934	brain stem	/wiki/Brain_stem
2991	assimilation	/wiki/Assimilation
3046	O'Brien, Michael	/wiki/Michael_O%27Brien
1940	Farspace Starbase Earhart	/wiki/Starbase_Earhart
2086	Klingon High Command	/wiki/Klingon_High_Command
2102	Hathaway, USS	/wiki/USS_Hathaway
2122	Zakdorn	/wiki/Zakdorn
2131	REM sleep	/wiki/REM_sleep
2138	2346	/wiki/2346
2158	The Egg	/wiki/The_Egg
2178	mosquito	/wiki/Mosquito
2224	Sheliak	/wiki/Sheliak
2306	d'k tahg	/wiki/D%27k_tahg
2332	Ferengi cargo ship	/wiki/Ferengi_cargo_ship
2364	La Forge, Edward M.	/wiki/Edward_M._La_Forge
2386	chocolate sundae	/wiki/Chocolate_sundae
2406	main shuttlebay	/wiki/Main_shuttlebay
2500	political asylum	/wiki/Political_asylum
2572	Rutian	/wiki/Rutian
2587	backside	/wiki/Butt?action=edit&redlink=1
2680	Romulan Warbird	/wiki/Warbird
2702	cha'DIch	/wiki/Cha%27DIch
2925	uttaberry	/wiki/Uttaberry
2936	cc	/wiki/Cc
2980	Sector 001	/wiki/Sector_001
2993	Barclay, Reginald	/wiki/Reginald_Barclay
3003	Earth Station McKinley	/wiki/Earth_Station_McKinley
3043	La Barre	/wiki/La_Barre
3048	Picard, Maurice	/wiki/Maurice_Picard
1931	coffee	/wiki/Coffee
1951	Pakleds	/wiki/Pakled
2015	sheep	/wiki/Sheep
2025	synthehol	/wiki/Synthehol
2129	nervous system	/wiki/Nervous_system
2151	computer access room	/wiki/Computer_access_room
2161	evasive maneuvers	/wiki/Evasive_maneuvers
2171	inertial dampener	/wiki/Inertial_dampener
2181	nanite	/wiki/Nanite
2191	Switzerland	/wiki/Switzerland
2213	Heifetz, Jascha	/wiki/Jascha_Heifetz
2233	trespassing	/wiki/Trespassing
2236	2361	/wiki/2361
2246	coma	/wiki/Coma
2298	Vulcan (planet)	/wiki/Vulcan_(planet)
2303	anti-grav lift	/wiki/Anti-grav_lift
2349	personal log	/wiki/Personal_log
2359	warp field generator	/wiki/Warp_field_generator
2499	petaQ	/wiki/PetaQ
2509	Romulan High Command	/wiki/Romulan_High_Command
2519	suicide	/wiki/Suicide
2579	Stockholm syndrome	/wiki/Stockholm_syndrome
2634	leak	/wiki/Leak
2669	Narendra III	/wiki/Narendra_III
2701	caviar	/wiki/Caviar
2747	Horga'hn	/wiki/Horga%27hn
2793	imagination	/wiki/Imagination
2827	confiscation	/wiki/Confiscation
2837	lapling	/wiki/Lapling
2889	rank	/wiki/Rank
2899	wedding	/wiki/Wedding
2947	muscle	/wiki/Muscle
3002	deflector dish	/wiki/Deflector_dish
3032	Starfleet Academy marathon	/wiki/Starfleet_Academy_marathon
3051	Picard, Yvette	/wiki/Yvette_Picard
1933	capillary	/wiki/Capillary
1989	European Hegemony	/wiki/European_Hegemony
2074	Square root	/wiki/Square_root
2126	bacteria	/wiki/Bacteria
2136	tricordrazine	/wiki/Tricordrazine
2153	confined to quarters	/wiki/Confined_to_quarters
2197	aqueduct	/wiki/Aqueduct
2241	antiprotons	/wiki/Antiproton
2261	music box	/wiki/Music_box
2315	radiation	/wiki/Radiation
2347	outpost	/wiki/Outpost
2357	tritium	/wiki/Tritium
2362	Galorndon Core	/wiki/Galorndon_Core
2400	histamine	/wiki/Histamine
2420	wormhole	/wiki/Wormhole
2488	Lya III	/wiki/Lya_III
2610	plasma	/wiki/Plasma
2672	Selar	/wiki/Selar
2708	House of Duras	/wiki/House_of_Duras
2718	Starbase 24	/wiki/Starbase_24
2846	parts per million	/wiki/Parts_per_million
2865	ambassador	/wiki/Ambassador
2963	tutor	/wiki/Tutor
2995	Borg Collective	/wiki/Borg_Collective
3005	emergency transporter armband	/wiki/Emergency_transporter_armband
3070	emotion chip	/wiki/Emotion_chip
1994	Ireland	/wiki/Ireland
2024	stomach	/wiki/Stomach
2113	Potemkin, USS	/wiki/USS_Potemkin_(Excelsior_class)
2152	computer core	/wiki/Computer_core
2182	nanotechnology	/wiki/Nanotechnology
2211	guidance system	/wiki/Guidance_system
2254	gigawatt	/wiki/Gigawatt
2295	subspace relay station	/wiki/Subspace_relay_station
2394	event horizon	/wiki/Event_horizon
2404	lemon	/wiki/Lemon
2491	Nelvana III	/wiki/Nelvana_III
2511	Romulus	/wiki/Romulus
2574	sanction	/wiki/Sanction
2685	A Midsummer Night's Dream	/wiki/A_Midsummer_Night%27s_Dream
2707	Great Hall	/wiki/Great_Hall
2822	2352	/wiki/2352
2831	galvanic skin response	/wiki/Galvanic_skin_response
2873	emotion	/wiki/Emotion
2883	logic	/wiki/Logic
1926	Sector 30	/wiki/Sector_30
1981	chief of staff	/wiki/Chief_of_staff
1991	glucose	/wiki/Glucose
2011	prime minister	/wiki/Prime_minister
2111	opti-cable	/wiki/Opti-cable
2127	fossil	/wiki/Fossil
2137	virus	/wiki/Virus
2253	fusion reactor	/wiki/Fusion_reactor
2263	neocortex	/wiki/Neocortex
2274	Bow and arrow	/wiki/Bow_and_arrow
2286	Mintakan tapestry	/wiki/Mintakan_tapestry
2307	Kingdom Come	/wiki/Heaven
2322	2305	/wiki/2305
2330	Drafting Room 5	/wiki/Drafting_Room_5
2388	counselor's office	/wiki/Counselor%27s_office
2398	Gamma Quadrant	/wiki/Gamma_Quadrant
2466	apogee	/wiki/Apogee
2475	disruptor	/wiki/Disruptor
2542	penal colony	/wiki/Penal_colony
2712	Klingon High Council	/wiki/Klingon_High_Council
2719	board of inquiry	/wiki/Board_of_inquiry
2808	rapier	/wiki/Rapier
2875	flagship	/wiki/Flagship
2900	2341	/wiki/2341
2908	Cochrane (unit)	/wiki/Cochrane_(unit)
2918	Oskoid	/wiki/Oskoid
2929	arboretum	/wiki/Arboretum
2941	G-type star	/wiki/G-type_star
2994	Battle of Wolf 359	/wiki/Battle_of_Wolf_359
3024	plasma coolant	/wiki/Plasma_coolant
1958	Starbase 515	/wiki/Starbase_515
2028	whiskey	/wiki/Whiskey
2237	2366	/wiki/2366
2267	Starbase 133	/wiki/Starbase_133
2325	2336	/wiki/2336
2355	Theoretical Propulsion Group	/wiki/Theoretical_Propulsion_Group
2392	ethics	/wiki/Ethics_(philosophy)
2402	ice cream	/wiki/Ice_cream
2412	missile	/wiki/Missile
2435	carbon dioxide	/wiki/Carbon_dioxide
2473	colorful metaphor	/wiki/Colorful_metaphor
2637	navigational deflector	/wiki/Navigational_deflector
2742	deuterium tank	/wiki/Deuterium_tank
2781	telepathy	/wiki/Telepathy
2892	Spock	/wiki/Spock
2987	Achilles' heel	/wiki/Achilles%27_heel
3030	shields	/wiki/Shields
2075	ultritium	/wiki/Ultritium
2085	cryogenic stasis	/wiki/Cryogenic_stasis
2150	cell	/wiki/Cell_(biology)
2160	environmental control	/wiki/Environmental_control
2170	Humpty Dumpty	/wiki/Humpty_Dumpty
2216	Onizuka	/wiki/Onizuka
2265	philosophy	/wiki/Philosophy
2292	Pulaski, Katherine	/wiki/Katherine_Pulaski
2302	antimatter containment pod	/wiki/Antimatter_pod
2312	magnetic flux	/wiki/Magnetic_flux
2333	fungilli	/wiki/Fungilli
2366	La Forge, Silva	/wiki/Silva_La_Forge
2375	allergy	/wiki/Allergy
2403	lepton	/wiki/Lepton
2482	interrogation room	/wiki/Interrogation_room
2522	Treaty of Algeron	/wiki/Treaty_of_Algeron
2576	shore leave	/wiki/Shore_leave
2755	Sarthong V	/wiki/Sarthong_V
2906	clay	/wiki/Clay
2916	Oo-mox	/wiki/Oo-mox
2938	cough	/wiki/Cough
2948	motor assist band	/wiki/Motor_assist_band
3029	shield generator	/wiki/Shield_generator
3045	mud	/wiki/Mud
1930	art	/wiki/Art
1949	Nausicaan	/wiki/Nausicaan
2114	rabbit	/wiki/Rabbit
2144	astrophysics	/wiki/Astrophysics
2184	neutronium	/wiki/Neutronium
2194	trap	/wiki/Trap
2215	neural pathway	/wiki/Neural_pathway
2242	botanist	/wiki/Botanist
2290	phaser bank	/wiki/Phaser_bank
2300	antimatter containment field	/wiki/Antimatter_containment
2319	Yar, Tasha	/wiki/Tasha_Yar
2338	image processor	/wiki/Image_processor
2358	Utopia Planitia Fleet Yards	/wiki/Utopia_Planitia_Fleet_Yards
2361	centurion	/wiki/Centurion
2370	Romulan scout ship	/wiki/Romulan_scout_ship
2397	Ferengi pod	/wiki/Ferengi_shuttle
2417	thruster	/wiki/Thruster
2457	recipe	/wiki/Recipe
2476	EM	/wiki/EM
2534	anesthizine	/wiki/Anesthizine
2663	electrolyte	/wiki/Electrolyte
2697	umbilical cord	/wiki/Umbilical_cord
2703	discommendation	/wiki/Discommendation
2710	Ja'rod	/wiki/Ja%27rod
2753	Risa	/wiki/Risa
2820	Zhukov, USS	/wiki/USS_Zhukov
2867	cheek	/wiki/Cheek
2887	Merrimac, USS	/wiki/USS_Merrimac_(NCC-61827)
2942	inaprovaline	/wiki/Inaprovaline
2988	2367	/wiki/2367
3017	Nebula-class	/wiki/Nebula_class
1936	Bonestell Recreation Facility	/wiki/Bonestell_Recreation_Facility
2039	Boston	/wiki/Boston
2156	diagnostic	/wiki/Diagnostic
2166	gamma radiation	/wiki/Gamma_radiation
2239	2313	/wiki/2313
2259	megawatt	/wiki/Megawatt
2308	Klingon language	/wiki/Klingon_language
2318	subspace proximity detonator	/wiki/Subspace_proximity_detonator
2336	hyronalin	/wiki/Hyronalin
2369	ribosome infusion	/wiki/Ribosome_infusion
2547	riot	/wiki/Riot?action=edit&redlink=1
2622	duranium	/wiki/Duranium
2653	alternate timeline	/wiki/Alternate_timeline
2819	yurium	/wiki/Yurium
2874	empath	/wiki/Empath
2923	watt	/wiki/Watt
2935	bioscan	/wiki/Bioscan
3069	dizziness	/wiki/Dizziness
3075	homing signal	/wiki/Homing_signal?action=edit&redlink=1
3095	Terlina III	/wiki/Terlina_III
3163	ion trail	/wiki/Ion_trail
3254	millirad	/wiki/Millirad
3298	therapist	/wiki/Therapist?action=edit&redlink=1
3323	phase transition coil	/wiki/Phase_transition_coil
3378	tactical officer	/wiki/Tactical_officer
3412	magic	/wiki/Magic
3422	Q	/wiki/Q
3443	helium	/wiki/Helium
3555	field generator	/wiki/Field_generator
3596	ionizing radiation	/wiki/Ionizing_radiation
3606	security lockout	/wiki/Security_lockout
3702	amino acid	/wiki/Amino_acid
3773	Crusher, Wesley	/wiki/Wesley_Crusher
3939	Magellan	/wiki/Magellan
3975	Occupation of Bajor	/wiki/Occupation_of_Bajor
4023	monster	/wiki/Monster
4081	rad	/wiki/Rad
4173	Romulan underground movement	/wiki/Romulan_underground_movement
3134	crew roster	/wiki/Crew_manifest
3144	mass spectrometer	/wiki/Mass_spectrometer
3154	warp bubble	/wiki/Warp_bubble
3202	Vor'cha-class	/wiki/Vor%27cha_class
3292	proton	/wiki/Proton
3308	carrier wave	/wiki/Carrier_wave
3331	bureaucrat	/wiki/Bureaucrat
3464	Chateau Picard	/wiki/Chateau_Picard
3494	wine	/wiki/Wine
3535	Utopia Planitia	/wiki/Utopia_Planitia
3560	life support system	/wiki/Life_support_system
3609	Starbase 112	/wiki/Starbase_112
3650	neurotransmitter	/wiki/Neurotransmitter
3704	Cochrane, USS	/wiki/USS_Cochrane
3732	Starfleet Security	/wiki/Starfleet_Security
3752	Kelvin	/wiki/Kelvin
3962	Bajor	/wiki/Bajor
3992	cadet	/wiki/Cadet
4048	emergency hand actuator	/wiki/Emergency_hand_actuator
4078	quantum filament	/wiki/Quantum_filament
4089	turboshaft	/wiki/Turboshaft
4157	Klingon Civil War	/wiki/Klingon_Civil_War
3108	concussion	/wiki/Concussion
3146	mathematics	/wiki/Mathematics
3182	Arbiter of Succession	/wiki/Arbiter_of_Succession
3280	cosmic string	/wiki/Cosmic_string
3302	bear	/wiki/Bear
3322	night shift	/wiki/Night_shift
3403	grave	/wiki/Grave
3582	visual cortex	/wiki/Visual_cortex
3597	ionosphere	/wiki/Ionosphere
3607	sedative	/wiki/Sedative
3624	Argus Array	/wiki/Argus_Array
3699	Vulcan Science Academy	/wiki/Vulcan_Science_Academy
3794	authorization code	/wiki/Authorization_code
3899	squadron	/wiki/Squadron
4043	cranial unit	/wiki/Cranial_unit
4083	Starbase 67	/wiki/Starbase_67
3086	phase coil	/wiki/Phase_coil
3147	nurse	/wiki/Nurse
3360	pattern buffer	/wiki/Pattern_buffer
3495	actinide	/wiki/Actinide
3516	level-5 probe	/wiki/Class-5_probe
3713	elm	/wiki/Elm
3779	laser scalpel	/wiki/Laser_scalpel
3917	Starbase 234	/wiki/Starbase_234
3964	Cardassian Empire	/wiki/Cardassian_Empire
3089	practical joke	/wiki/Practical_joke
3122	river	/wiki/River
3168	proximity detector	/wiki/Proximity_detector
3178	Yar, Natasha	/wiki/Natasha_Yar
3252	maneuvering thruster	/wiki/Maneuvering_thruster
3281	electromagnetic spectrum	/wiki/Electromagnetic_radiation
3291	neurophysiology	/wiki/Neurophysiology
3307	Brahms, Johannes	/wiki/Johannes_Brahms
3342	Federation-Cardassian War	/wiki/Federation-Cardassian_War
3447	O'Brien, Keiko	/wiki/Keiko_O%27Brien
3500	auxiliary power	/wiki/Auxiliary_power
3608	spectrographic analysis	/wiki/Spectrographic_analysis
3636	Feynman	/wiki/Feynman_(shuttlecraft)
3646	muon	/wiki/Muon
3666	Theory of General Relativity	/wiki/Theory_of_General_Relativity
3801	cargo transporter	/wiki/Cargo_transporter
3821	Krios	/wiki/Krios_Prime
3883	Spot	/wiki/Spot
3963	Bajorans	/wiki/Bajoran
4031	synaptic pattern	/wiki/Synaptic_pattern
4047	emergency bulkhead	/wiki/Emergency_bulkhead
4067	phaser array	/wiki/Phaser_array
4110	internal sensors	/wiki/Internal_sensor
4152	jigsaw puzzle	/wiki/Jigsaw_puzzle
4162	metallurgical analysis	/wiki/Metallurgical_analysis
4172	Romulan Senate	/wiki/Romulan_Senate
3090	Sabbatical	/wiki/Sabbatical
3121	rib	/wiki/Rib
3139	hull integrity	/wiki/Structural_integrity
3181	bat'leth	/wiki/Bat%27leth
3235	deflector	/wiki/Deflector
3283	graviton field	/wiki/Graviton_field
3293	sensor array	/wiki/Sensor_array
3375	squad	/wiki/Squad
3426	subspace damping field	/wiki/Subspace_damping_field
3539	autopsy	/wiki/Autopsy
3571	plant biology	/wiki/Plant_biology
3602	palm beacon	/wiki/Palm_beacon
3802	colony	/wiki/Colony
3822	Kriosians	/wiki/Kriosian
3889	torpedo bay	/wiki/Torpedo_bay
3898	Rozhenko, Alexander	/wiki/Alexander_Rozhenko
3919	Sutherland, USS	/wiki/USS_Sutherland
3969	honey	/wiki/Honey
3986	access code	/wiki/Access_code
4026	plant	/wiki/Plant
4188	disruptor array	/wiki/Disruptor_array
4255	Brentalia	/wiki/Brentalia
3133	breakfast	/wiki/Breakfast
3241	frequency	/wiki/Frequency
3305	barbershop	/wiki/Barbershop
3325	security clearance	/wiki/Security_clearance
3341	defensive system	/wiki/Defensive_system
3351	meat	/wiki/Meat
3418	O'Brien, Miles	/wiki/Miles_O%27Brien
3512	holo-program	/wiki/Holo-program
3522	personnel review	/wiki/Crew_evaluation
3556	impulse engine	/wiki/Impulse_engine
3667	warp nacelle	/wiki/Warp_nacelle
3726	protein	/wiki/Protein
3785	Peliar Zel natives	/wiki/Peliar_Zel_native
3809	energy cell	/wiki/Energy_cell
3871	M class	/wiki/M_class
3881	soup	/wiki/Soup
3920	tachyon detection grid	/wiki/Tachyon_detection_grid
3967	Garon II	/wiki/Garon_II
4007	graviton beam	/wiki/Graviton_pulse
3140	Kansas	/wiki/Kansas
3213	birthday party	/wiki/Birthday_party
3319	Japanese	/wiki/Japanese
3333	Cardassians	/wiki/Cardassian
3343	glinn	/wiki/Glinn
3415	method acting	/wiki/Method_acting
3462	chancellor	/wiki/Chancellor
3644	level 3 diagnostic	/wiki/Level_3_diagnostic
3664	subspace distortion	/wiki/Subspace_distortion
3787	soccer	/wiki/Soccer
3816	insomnia	/wiki/Insomnia
3826	phaser rifle	/wiki/Phaser_rifle
3854	closet	/wiki/Closet
3874	microfusion thruster	/wiki/Microfusion_thruster
3960	Aunt Adele	/wiki/Adele
4015	keV	/wiki/KeV
4112	Ktarians	/wiki/Ktarian
4132	serotonin	/wiki/Serotonin
4199	Bach, Johann Sebastian	/wiki/Johann_Sebastian_Bach
3152	subspace	/wiki/Subspace
3231	Boothby	/wiki/Boothby
3277	Breen	/wiki/Breen
3316	goose	/wiki/Goose
3344	gul	/wiki/Gul
3364	power coupling	/wiki/Power_coupling
3417	mythology	/wiki/Mythology
3445	mok'bara	/wiki/Mok%27bara
3458	administrator	/wiki/Administrator
3527	power tap	/wiki/EPS_tap
3541	biology	/wiki/Biology
3569	mutiny	/wiki/Mutiny
3731	spy	/wiki/Spy
3835	Romulan disruptor	/wiki/Romulan_disruptor
3911	Klingon history	/wiki/Klingon_history
3921	tachyon scan	/wiki/Tachyon_scan
3959	annexation	/wiki/Annexation
4090	warp core breach	/wiki/Warp_core_breach
4145	cafe	/wiki/Cafe
4165	Mot	/wiki/Mot
4260	field coil	/wiki/Field_coil
3162	granite	/wiki/Granite
3198	Treaty of Alliance	/wiki/Treaty_of_Alliance
3210	birthday	/wiki/Birthday
3247	hertz	/wiki/Hertz
3324	play	/wiki/Play
3377	subspace field	/wiki/Subspace_field
3643	isolinear chip	/wiki/Isolinear_chip
3718	isolation door	/wiki/Isolation_door
3745	Homn	/wiki/Homn
3755	nova	/wiki/Nova_(star)
3810	Ferengi freighter	/wiki/Ferengi_freighter
3897	Mempa sector	/wiki/Mempa_sector
3905	Endeavour, USS	/wiki/USS_Endeavour_(NCC-71805)
3966	Galor-class	/wiki/Galor_class
3976	Ro Gale	/wiki/Ro_Gale
3999	crystal	/wiki/Crystal
4009	hospital	/wiki/Hospital
4029	skeleton crew	/wiki/Skeleton_crew
4054	Frre Jacques	/wiki/Fr%C3%A8re_Jacques
4064	O'Brien, Molly	/wiki/Molly_O%27Brien
4074	power grid	/wiki/Power_grid
4137	stellar cartography	/wiki/Stellar_cartography
4149	fleet admiral	/wiki/Fleet_admiral
4179	unnamed Apollo class starships	/wiki/Unnamed_Apollo_class_starships
4217	Milton, John	/wiki/John_Milton
4305	yawn	/wiki/Yawn
4168	Qualor II	/wiki/Qualor_II
4178	T'Pau (starship)	/wiki/T%27Pau_(starship)
4231	Richter scale	/wiki/Richter_magnitude_scale
4273	Morath	/wiki/Morath
4187	defector	/wiki/Defector
4265	K'Ehleyr	/wiki/K%27Ehleyr
4243	terawatt	/wiki/Terawatt
4274	prototype	/wiki/Prototype
4310	diencephalon	/wiki/Diencephalon
4261	fire-suppression system	/wiki/Fire-suppression_system
4299	systems engineer	/wiki/Systems_engineer
4266	Kahless the Unforgettable	/wiki/Kahless_the_Unforgettable
4327	morgue	/wiki/Morgue
4284	black cluster	/wiki/Black_cluster
4343	Chopin	/wiki/Chopin
4345	disability	/wiki/Disability
4347	emitter array	/wiki/Emitter_array
4353	graviton generator	/wiki/Graviton_generator
4370	poet	/wiki/Poet
4371	poetry	/wiki/Poetry
4373	scientist	/wiki/Scientist
4381	2324	/wiki/2324
4383	2327	/wiki/2327
4391	battle stations	/wiki/Battle_stations
4399	hippocampus	/wiki/Hippocampus
4400	Keats, John	/wiki/John_Keats
4413	megajoule	/wiki/Megajoule
4417	personnel file	/wiki/Personnel_file
4420	Ro Talia	/wiki/Ro_Talia
4422	Satarrans	/wiki/Satarran
4424	snoring	/wiki/Snoring
4432	conduit	/wiki/Conduit
4433	confinement beam	/wiki/Annular_confinement_beam
4434	diagnostic mode	/wiki/Diagnostic_mode
4439	ionic cyclone	/wiki/Ion_storm
4450	pain receptor	/wiki/Pain_receptor
4451	pattern enhancer	/wiki/Pattern_enhancer
4452	plasma inverter	/wiki/Plasma_inverter
4727	paradox	/wiki/Paradox
4753	power transfer beam	/wiki/Power_transfer_beam
4770	fever	/wiki/Fever
4790	Starbase 218	/wiki/Starbase_218
4900	Yosemite, USS	/wiki/USS_Yosemite
5026	weather modification network	/wiki/Weather_modification_network
5072	duty roster	/wiki/Duty_roster
5254	artificial quantum singularity	/wiki/Artificial_quantum_singularity
5303	Caves of No'Mat	/wiki/Caves_of_No%27Mat
5341	etymology	/wiki/Etymology
5467	Justman	/wiki/Justman
5546	Borg ship	/wiki/Borg_Type_03
5556	Ohniaka III	/wiki/Ohniaka_III
4553	positronic net	/wiki/Positronic_net
4683	Beaumont, Gabrielle	/wiki/Gabrielle_Beaumont_(Starfleet)
4695	McBee, Chris	/wiki/Chris_McBee_(Starfleet)
4715	Zapata, Joy	/wiki/Joy_Zapata_(Starfleet)
4823	match	/wiki/Match
4985	internal chronometer	/wiki/Internal_chronometer
5005	stellar cartography department	/wiki/Stellar_cartography_department
5158	nest	/wiki/Nest?action=edit&redlink=1
5472	Starbase 23	/wiki/Starbase_23
5551	Gorkon, USS	/wiki/USS_Gorkon
4479	isocortex	/wiki/Isocortex
4559	vertazine	/wiki/Vertazine
4800	barber	/wiki/Barber
4808	Colt .45	/wiki/Colt_.45
4861	neural energy	/wiki/Neural_energy
4885	kiloquad	/wiki/Kiloquad
4895	Starfleet Medical Database	/wiki/Starfleet_Medical_Database
5129	elephant	/wiki/Elephant
5196	coalescent organism	/wiki/Coalescent_organism
4498	spinal cord	/wiki/Spinal_cord
4562	2368	/wiki/2368
4584	groundskeeper	/wiki/Groundskeeper
4614	Titan	/wiki/Titan
4831	phase discriminator	/wiki/Phase_discriminator
4846	Devidia II	/wiki/Devidia_II
4960	phase inducer	/wiki/Phase_inducer
5008	sunflower	/wiki/Sunflower
5255	Corvallen	/wiki/Corvallen
5279	deep space assignment	/wiki/Deep_space_assignment
5302	Kahless	/wiki/Kahless
5326	Molor	/wiki/Molor
5391	Cardassia	/wiki/Cardassia
5461	Yorktown, USS	/wiki/USS_Yorktown_(NCC-20045)
5468	metaphasic shield	/wiki/Metaphasic_shield
4540	type 6 shuttlecraft	/wiki/Type_6_shuttlecraft
4690	Haymore, June	/wiki/June_Haymore_(Starfleet)
4700	Miller, Patricia	/wiki/Patricia_Miller_(Lieutenant)
4716	Argolis Cluster	/wiki/Argolis_Cluster
4728	power conduit	/wiki/Power_conduit
4806	cholera	/wiki/Cholera
4816	Hotel Brian	/wiki/Hotel_Brian
4826	ophidian	/wiki/Ophidian
4881	distortion field	/wiki/Distortion_field?action=edit&redlink=1
4891	plexing	/wiki/Plexing
4948	gravity well	/wiki/Gravity_well
4991	Ode to Spot	/wiki/Ode_to_Spot
5088	Mozart	/wiki/Mozart
5133	McDowell	/wiki/McDowell
5147	dermal regenerator	/wiki/Dermal_regenerator
5157	Minos Korva	/wiki/Minos_Korva
5537	sensor log	/wiki/Sensor_log
5547	Crazy Horse, USS	/wiki/USS_Crazy_Horse
4504	vertebra	/wiki/Vertebra
4520	inertial damper	/wiki/Inertial_damper
4543	Bozeman, USS	/wiki/USS_Bozeman
4593	memorial service	/wiki/Memorial_service
4665	pheromone	/wiki/Pheromone
4684	Braga, Brannon	/wiki/Brannon_Braga_(Commander)
4706	Quist, Gerald	/wiki/Gerald_Quist_(Starfleet)
4786	Ressikan flute	/wiki/Ressikan_flute
4797	anvil	/wiki/Anvil
4837	Twain, Mark	/wiki/Samuel_Clemens
4882	Heisenberg compensator	/wiki/Heisenberg_compensator
5019	mitosis	/wiki/Mitosis
5046	microfracture	/wiki/Microfracture
5125	Cairo, USS	/wiki/USS_Cairo
5142	Alpha shift	/wiki/Alpha_shift
5149	gamma shift	/wiki/Gamma_shift
5318	Yridian	/wiki/Yridian
5335	baryons	/wiki/Baryon
5540	temporal anomaly	/wiki/Temporal_anomaly
4644	archeology	/wiki/Archeology
4702	papalla juice	/wiki/Papalla_juice
4712	Vescio, Elaina	/wiki/Elaina_Vescio_(Lieutenant)
4775	Kataan	/wiki/Kataan
4785	Ressik	/wiki/Ressik
4810	Devidian	/wiki/Devidian
4945	EPS	/wiki/EPS
4987	liquid polymer	/wiki/Liquid_polymer
4997	self-diagnostic	/wiki/Self-diagnostic
5017	Fermi	/wiki/Fermi
5126	Celtris III	/wiki/Celtris_III
5180	gas giant	/wiki/Gas_giant
5300	Deep Space 9	/wiki/Deep_Space_9
4709	Tarcassian razor beast	/wiki/Tarcassian_razor_beast
4927	subspace emitter	/wiki/Subspace_emitter?action=edit&redlink=1
4932	Brahms, Leah	/wiki/Leah_Brahms
5010	tetryons	/wiki/Tetryon
5084	level 2 diagnostic	/wiki/Level_2_diagnostic
5134	metagenic weapon	/wiki/Metagenic_weapon
5144	beta shift	/wiki/Beta_shift
5259	Draken IV	/wiki/Draken_IV
5281	God	/wiki/God
5331	2369	/wiki/2369
4745	imaging scanner	/wiki/Imaging_scanner
4862	mining	/wiki/Mining
4928	transport ship	/wiki/Transport_ship
4933	class 4 probe	/wiki/Class_4_probe
5114	boridium	/wiki/Boridium
5297	blacksmith	/wiki/Blacksmith
5307	plasma coil	/wiki/Plasma_coil
5320	Carraya system	/wiki/Carraya_system
5407	Kurlan naiskos	/wiki/Kurlan_naiskos
5491	Kurn	/wiki/Kurn
5528	neural shock	/wiki/Neural_shock
5538	space-time continuum	/wiki/Space-time_continuum
4470	cordrazine	/wiki/Cordrazine
4571	Canada	/wiki/Canada
4581	flight plan	/wiki/Flight_plan
4703	Personal appointment log	/wiki/Personal_appointment_log
4713	Ward, Lazard	/wiki/Lazard_Ward_(Starfleet)
4769	dream	/wiki/Dream
4982	graviton	/wiki/Graviton
5463	Brooks	/wiki/Brooks_(Admiral)
5543	Vassbinder	/wiki/Vassbinder
5721	plasma vent	/wiki/Plasma_vent
5731	verteron	/wiki/Verteron
5862	Cardassian border	/wiki/Cardassian_border
6014	Bularian canap	/wiki/Bularian_canap%C3%A9
5589	La Forge, Ariana	/wiki/Ariana_La_Forge
5615	Federation Science Council	/wiki/Federation_Science_Council
5767	quantum flux	/wiki/Quantum_flux
5616	latinum	/wiki/Latinum
6046	Vetar	/wiki/Vetar
5793	priority one message	/wiki/Priority_one_message
5803	Terix, IRW	/wiki/IRW_Terix
5927	palpitation	/wiki/Palpitation
5655	plasma conduit	/wiki/Plasma_conduit
5885	Powell, Andrew	/wiki/Andrew_Powell
5725	speed limit	/wiki/Speed_limit
5756	Curie	/wiki/Curie_(shuttlecraft)
5839	energy matrix	/wiki/Energy_matrix
5673	Lake Cataria	/wiki/Lake_Cataria
5747	positronic matrix	/wiki/Positronic_matrix
5641	A Woman Holding a Balance	/wiki/A_Woman_Holding_a_Balance
5800	Starbase 247	/wiki/Starbase_247
5883	nacelle	/wiki/Nacelle
5708	bio-mimetic gel	/wiki/Bio-mimetic_gel
5742	magnesite	/wiki/Magnesite
6020	Demilitarized Zone	/wiki/Demilitarized_Zone
5678	psilosynine	/wiki/Psilosynine
5801	Starfleet Intelligence	/wiki/Starfleet_Intelligence
\.


--
-- Name: tags_id_seq; Type: SEQUENCE SET; Schema: public; Owner: danielfinlay
--

SELECT pg_catalog.setval('tags_id_seq', 6237, true);


--
-- Name: public; Type: ACL; Schema: -; Owner: danielfinlay
--

REVOKE ALL ON SCHEMA public FROM PUBLIC;
REVOKE ALL ON SCHEMA public FROM danielfinlay;
GRANT ALL ON SCHEMA public TO danielfinlay;
GRANT ALL ON SCHEMA public TO PUBLIC;


--
-- PostgreSQL database dump complete
--

